{
	"credit": "Made by N0do | GMnodo",
	"parent": "minecraft:block/cube_column",
	"textures": {
		"2": "modeltextures/crimson_stem",
		"4": "modeltextures/crimson_mushroom_block",
		"particle": "modeltextures/crimson_mushroom_block"
	},
	"elements": [
		{
			"from": [12, 0, 12],
			"to": [14, 8, 14],
			"faces": {
				"north": {"uv": [10, 4, 12, 12], "texture": "#2"},
				"east": {"uv": [9, 6, 11, 14], "texture": "#2"},
				"south": {"uv": [3, 2, 5, 10], "texture": "#2"},
				"west": {"uv": [6, 4, 8, 12], "texture": "#2"},
				"down": {"uv": [11, 10, 13, 12], "texture": "#2", "cullface": "down"}
			}
		},
		{
			"from": [9, 8, 9],
			"to": [17, 11, 17],
			"faces": {
				"north": {"uv": [5, 5, 13, 8], "texture": "#4"},
				"east": {"uv": [3, 9, 11, 12], "texture": "#4", "cullface": "east"},
				"south": {"uv": [1, 6, 9, 9], "texture": "#4", "cullface": "south"},
				"west": {"uv": [6, 5, 14, 8], "texture": "#4"},
				"up": {"uv": [0, 1, 8, 9], "texture": "#4"},
				"down": {"uv": [5, 4, 13, 12], "texture": "#4"}
			}
		},
		{
			"from": [8, 3, 8],
			"to": [18, 8, 10],
			"faces": {
				"north": {"uv": [6, 3, 16, 8], "texture": "#4"},
				"east": {"uv": [11, 10, 13, 15], "texture": "#4", "cullface": "east"},
				"south": {"uv": [0, 0, 10, 5], "texture": "#4"},
				"west": {"uv": [12, 2, 14, 7], "texture": "#4"},
				"up": {"uv": [0, 0, 10, 2], "texture": "#4"},
				"down": {"uv": [3, 4, 13, 6], "texture": "#4"}
			}
		},
		{
			"from": [8, 3, 16],
			"to": [18, 8, 18],
			"faces": {
				"north": {"uv": [0, 0, 10, 5], "texture": "#4", "cullface": "south"},
				"east": {"uv": [5, 5, 7, 10], "texture": "#4", "cullface": "east"},
				"south": {"uv": [2, 10, 12, 15], "texture": "#4", "cullface": "south"},
				"west": {"uv": [7, 5, 9, 10], "texture": "#4", "cullface": "south"},
				"up": {"uv": [0, 0, 10, 2], "texture": "#4", "cullface": "south"},
				"down": {"uv": [3, 4, 13, 6], "texture": "#4", "cullface": "south"}
			}
		},
		{
			"from": [16, 3, 10],
			"to": [18, 8, 16],
			"faces": {
				"east": {"uv": [5, 7, 11, 12], "texture": "#4", "cullface": "east"},
				"west": {"uv": [9, 4, 15, 9], "texture": "#4", "cullface": "east"},
				"up": {"uv": [0, 0, 2, 6], "texture": "#4", "cullface": "east"},
				"down": {"uv": [5, 10, 7, 16], "texture": "#4", "cullface": "east"}
			}
		},
		{
			"from": [8, 3, 10],
			"to": [10, 8, 16],
			"faces": {
				"east": {"uv": [5, 8, 11, 13], "texture": "#4"},
				"west": {"uv": [1, 2, 7, 7], "texture": "#4"},
				"up": {"uv": [0, 0, 2, 6], "texture": "#4"},
				"down": {"uv": [13, 0, 15, 6], "texture": "#4"}
			}
		},
		{
			"from": [4, 0, 1],
			"to": [6, 8, 3],
			"faces": {
				"north": {"uv": [10, 4, 12, 12], "texture": "#2"},
				"east": {"uv": [9, 6, 11, 14], "texture": "#2"},
				"south": {"uv": [3, 2, 5, 10], "texture": "#2"},
				"west": {"uv": [6, 4, 8, 12], "texture": "#2"},
				"down": {"uv": [11, 10, 13, 12], "texture": "#2", "cullface": "down"}
			}
		},
		{
			"from": [1, 8, -2],
			"to": [9, 11, 6],
			"faces": {
				"north": {"uv": [5, 5, 13, 8], "texture": "#4", "cullface": "north"},
				"east": {"uv": [4, 4, 12, 7], "texture": "#4"},
				"south": {"uv": [5, 8, 13, 11], "texture": "#4"},
				"west": {"uv": [2, 8, 10, 11], "texture": "#4"},
				"up": {"uv": [0, 5, 8, 13], "texture": "#4"},
				"down": {"uv": [5, 4, 13, 12], "texture": "#4"}
			}
		},
		{
			"from": [0, 3, -3],
			"to": [10, 8, -1],
			"faces": {
				"north": {"uv": [0, 8, 10, 13], "texture": "#4", "cullface": "north"},
				"east": {"uv": [11, 10, 13, 15], "texture": "#4", "cullface": "north"},
				"south": {"uv": [0, 0, 10, 5], "texture": "#4", "cullface": "north"},
				"west": {"uv": [12, 2, 14, 7], "texture": "#4", "cullface": "west"},
				"up": {"uv": [0, 0, 10, 2], "texture": "#4", "cullface": "north"},
				"down": {"uv": [3, 5, 13, 7], "texture": "#4", "cullface": "north"}
			}
		},
		{
			"from": [0, 3, 5],
			"to": [10, 8, 7],
			"faces": {
				"north": {"uv": [0, 0, 10, 5], "texture": "#4"},
				"east": {"uv": [5, 5, 7, 10], "texture": "#4"},
				"south": {"uv": [2, 9, 12, 14], "texture": "#4"},
				"west": {"uv": [7, 5, 9, 10], "texture": "#4", "cullface": "west"},
				"up": {"uv": [0, 0, 10, 2], "texture": "#4"},
				"down": {"uv": [1, 14, 11, 16], "texture": "#4"}
			}
		},
		{
			"from": [8, 3, -1],
			"to": [10, 8, 5],
			"faces": {
				"east": {"uv": [5, 8, 11, 13], "texture": "#4"},
				"west": {"uv": [4, 0, 10, 5], "texture": "#4"},
				"up": {"uv": [0, 0, 2, 6], "texture": "#4"},
				"down": {"uv": [11, 3, 13, 9], "texture": "#4"}
			}
		},
		{
			"from": [0, 3, -1],
			"to": [2, 8, 5],
			"faces": {
				"east": {"uv": [0, 0, 6, 5], "texture": "#4"},
				"west": {"uv": [5, 1, 11, 6], "texture": "#4", "cullface": "west"},
				"up": {"uv": [0, 0, 2, 6], "texture": "#4"},
				"down": {"uv": [9, 6, 11, 12], "texture": "#4"}
			}
		}
	],
	"display": {
		"thirdperson_righthand": {
			"translation": [0, 3, 1],
			"scale": [0.55, 0.55, 0.55]
		},
		"thirdperson_lefthand": {
			"translation": [0, 3, 1],
			"scale": [0.55, 0.55, 0.55]
		},
		"firstperson_righthand": {
			"rotation": [0, -90, 25],
			"translation": [1.13, 3.2, 1.13],
			"scale": [0.68, 0.68, 0.68]
		},
		"firstperson_lefthand": {
			"rotation": [0, -90, 25],
			"translation": [1.13, 3.2, 1.13],
			"scale": [0.68, 0.68, 0.68]
		},
		"ground": {
			"translation": [0, 2, 0],
			"scale": [0.5, 0.5, 0.5]
		},
		"head": {
			"rotation": [0, 180, 0],
			"translation": [0, 13, 7]
		},
		"fixed": {
			"rotation": [0, 180, 0]
		}
	}
}