{
	"credit": "Made by GMnodo | N0do",
	"textures": {
		"0": "modeltextures/rail",
		"1": "modeltextures/spruce_planks",
		"2": "modeltextures/pallete",
		"3": "modeltextures/anvil",
		"particle": "modeltextures/spruce_planks"
	},
	"elements": [
		{
			"from": [0.9999, 0, 0.9999],
			"to": [15.0009, 2.001, 3.0009],
			"faces": {
				"north": {"uv": [1, 12, 15, 14], "texture": "#1"},
				"east": {"uv": [11, 4, 13, 6], "texture": "#1"},
				"south": {"uv": [1, 8, 15, 10], "texture": "#1"},
				"west": {"uv": [3, 4, 5, 6], "texture": "#1"},
				"up": {"uv": [1, 13, 15, 15], "texture": "#1"},
				"down": {"uv": [1, 1, 15, 3], "texture": "#1", "cullface": "down"}
			}
		},
		{
			"from": [0.9999, 0, 4.9999],
			"to": [15.0009, 2.001, 7.0009],
			"faces": {
				"north": {"uv": [1, 12, 15, 14], "texture": "#1"},
				"east": {"uv": [11, 4, 13, 6], "texture": "#1"},
				"south": {"uv": [1, 8, 15, 10], "texture": "#1"},
				"west": {"uv": [3, 4, 5, 6], "texture": "#1"},
				"up": {"uv": [1, 13, 15, 15], "texture": "#1"},
				"down": {"uv": [1, 1, 15, 3], "texture": "#1", "cullface": "down"}
			}
		},
		{
			"from": [6.9999, 2, 4.2499],
			"to": [9.0009, 3.001, 7.7509],
			"rotation": {"angle": 0, "axis": "x", "origin": [8.0004, 2.5005, 6.0004]},
			"faces": {
				"north": {"uv": [1, 12, 3.001, 13.001], "texture": "#3"},
				"east": {"uv": [11, 4, 14.501, 5.001], "texture": "#3"},
				"south": {"uv": [1, 8, 3.001, 9.001], "texture": "#3"},
				"west": {"uv": [3, 4, 6.501, 5.001], "texture": "#3"},
				"up": {"uv": [11.999, 8, 15.5, 10.001], "rotation": 90, "texture": "#3"},
				"down": {"uv": [1, 1, 3.001, 4.501], "texture": "#3"}
			}
		},
		{
			"from": [6.9999, 2, 8.2499],
			"to": [9.0009, 3.001, 11.7509],
			"rotation": {"angle": 0, "axis": "x", "origin": [8.0004, 2.5005, 10.0004]},
			"faces": {
				"north": {"uv": [1, 12, 3.001, 13.001], "texture": "#3"},
				"east": {"uv": [11, 4, 14.501, 5.001], "texture": "#3"},
				"south": {"uv": [1, 8, 3.001, 9.001], "texture": "#3"},
				"west": {"uv": [3, 4, 6.501, 5.001], "texture": "#3"},
				"up": {"uv": [7, 9, 10.501, 11.001], "rotation": 90, "texture": "#3"},
				"down": {"uv": [1, 1, 3.001, 4.501], "texture": "#3"}
			}
		},
		{
			"from": [0.9999, 0, 8.9999],
			"to": [15.0009, 2.001, 11.0009],
			"faces": {
				"north": {"uv": [1, 12, 15, 14], "texture": "#1"},
				"east": {"uv": [11, 4, 13, 6], "texture": "#1"},
				"south": {"uv": [1, 8, 15, 10], "texture": "#1"},
				"west": {"uv": [3, 4, 5, 6], "texture": "#1"},
				"up": {"uv": [1, 13, 15, 15], "texture": "#1"},
				"down": {"uv": [1, 1, 15, 3], "texture": "#1", "cullface": "down"}
			}
		},
		{
			"from": [0.9999, 0, 12.9999],
			"to": [15.0009, 2.001, 15.0009],
			"faces": {
				"north": {"uv": [1, 12, 15, 14], "texture": "#1"},
				"east": {"uv": [11, 4, 13, 6], "texture": "#1"},
				"south": {"uv": [1, 8, 15, 10], "texture": "#1"},
				"west": {"uv": [3, 4, 5, 6], "texture": "#1"},
				"up": {"uv": [1, 13, 15, 15], "texture": "#1"},
				"down": {"uv": [1, 1, 15, 3], "texture": "#1", "cullface": "down"}
			}
		},
		{
			"from": [2, 1, 0],
			"to": [4, 3, 16],
			"faces": {
				"north": {"uv": [4, 0, 2, 2], "texture": "#0", "cullface": "north"},
				"east": {"uv": [2, 0, 4, 16], "rotation": 90, "texture": "#0"},
				"south": {"uv": [2, 14, 4, 16], "texture": "#0", "cullface": "south"},
				"west": {"uv": [2, 0, 4, 16], "rotation": 90, "texture": "#0"},
				"up": {"uv": [2, 0, 4, 16], "texture": "#0"},
				"down": {"uv": [2, 0, 4, 16], "texture": "#0"}
			}
		},
		{
			"from": [12, 1, 0],
			"to": [14, 3, 16],
			"faces": {
				"north": {"uv": [14, 0, 12, 2], "texture": "#0", "cullface": "north"},
				"east": {"uv": [12, 0, 14, 16], "rotation": 90, "texture": "#0"},
				"south": {"uv": [12, 14, 14, 16], "texture": "#0", "cullface": "south"},
				"west": {"uv": [12, 0, 14, 16], "rotation": 90, "texture": "#0"},
				"up": {"uv": [12, 0, 14, 16], "texture": "#0"},
				"down": {"uv": [12, 0, 14, 16], "texture": "#0"}
			}
		},
		{
			"from": [9, 0, 3],
			"to": [9.4, 0.4, 5.1],
			"rotation": {"angle": 0, "axis": "y", "origin": [0.05, 0.05, 0]},
			"faces": {
				"east": {"uv": [4.5, 6.5, 5, 7], "texture": "#2"},
				"west": {"uv": [4.5, 6.5, 5, 7], "texture": "#2"},
				"up": {"uv": [4.5, 6.5, 5, 7], "texture": "#2"},
				"down": {"uv": [4.5, 6.5, 5, 7], "texture": "#2", "cullface": "down"}
			}
		},
		{
			"from": [6.6, 0, 3],
			"to": [7, 0.4, 5.1],
			"rotation": {"angle": 0, "axis": "y", "origin": [0.05, 0.05, 0]},
			"faces": {
				"east": {"uv": [4.5, 6.5, 5, 7], "texture": "#2"},
				"west": {"uv": [4.5, 6.5, 5, 7], "texture": "#2"},
				"up": {"uv": [4.5, 6.5, 5, 7], "texture": "#2"},
				"down": {"uv": [4.5, 6.5, 5, 7], "texture": "#2", "cullface": "down"}
			}
		},
		{
			"from": [9, 0, 0],
			"to": [9.4, 0.4, 1],
			"rotation": {"angle": 0, "axis": "y", "origin": [0.05, 0.05, 0]},
			"faces": {
				"north": {"uv": [4.5, 6.5, 5, 7], "texture": "#2", "cullface": "north"},
				"east": {"uv": [4.5, 6.5, 5, 7], "texture": "#2"},
				"west": {"uv": [4.5, 6.5, 5, 7], "texture": "#2"},
				"up": {"uv": [4.5, 6.5, 5, 7], "texture": "#2"},
				"down": {"uv": [4.5, 6.5, 5, 7], "texture": "#2", "cullface": "down"}
			}
		},
		{
			"from": [6.6, 0, 0],
			"to": [7, 0.4, 1],
			"rotation": {"angle": 0, "axis": "y", "origin": [0.05, 0.05, 0]},
			"faces": {
				"north": {"uv": [4.5, 6.5, 5, 7], "texture": "#2", "cullface": "north"},
				"east": {"uv": [4.5, 6.5, 5, 7], "texture": "#2"},
				"west": {"uv": [4.5, 6.5, 5, 7], "texture": "#2"},
				"up": {"uv": [4.5, 6.5, 5, 7], "texture": "#2"},
				"down": {"uv": [4.5, 6.5, 5, 7], "texture": "#2", "cullface": "down"}
			}
		},
		{
			"from": [6.6, 0, 11],
			"to": [7, 0.4, 13],
			"rotation": {"angle": 0, "axis": "y", "origin": [0.05, 0.05, 0]},
			"faces": {
				"east": {"uv": [4.5, 6.5, 5, 7], "texture": "#2"},
				"west": {"uv": [4.5, 6.5, 5, 7], "texture": "#2"},
				"up": {"uv": [4.5, 6.5, 5, 7], "texture": "#2"},
				"down": {"uv": [4.5, 6.5, 5, 7], "texture": "#2", "cullface": "down"}
			}
		},
		{
			"from": [6.6, 0, 15],
			"to": [7, 0.4, 16],
			"rotation": {"angle": 0, "axis": "y", "origin": [0.05, 0.05, 0]},
			"faces": {
				"east": {"uv": [4.5, 6.5, 5, 7], "texture": "#2"},
				"south": {"uv": [4.5, 6.5, 5, 7], "texture": "#2", "cullface": "south"},
				"west": {"uv": [4.5, 6.5, 5, 7], "texture": "#2"},
				"up": {"uv": [4.5, 6.5, 5, 7], "texture": "#2"},
				"down": {"uv": [4.5, 6.5, 5, 7], "texture": "#2", "cullface": "down"}
			}
		},
		{
			"from": [9, 0, 15],
			"to": [9.4, 0.4, 16],
			"rotation": {"angle": 0, "axis": "y", "origin": [0.05, 0.05, 0]},
			"faces": {
				"east": {"uv": [4.5, 6.5, 5, 7], "texture": "#2"},
				"south": {"uv": [4.5, 6.5, 5, 7], "texture": "#2", "cullface": "south"},
				"west": {"uv": [4.5, 6.5, 5, 7], "texture": "#2"},
				"up": {"uv": [4.5, 6.5, 5, 7], "texture": "#2"},
				"down": {"uv": [4.5, 6.5, 5, 7], "texture": "#2", "cullface": "down"}
			}
		},
		{
			"from": [9, 0, 11],
			"to": [9.4, 0.4, 13],
			"rotation": {"angle": 0, "axis": "y", "origin": [0.05, 0.05, 0]},
			"faces": {
				"east": {"uv": [4.5, 6.5, 5, 7], "texture": "#2"},
				"west": {"uv": [4.5, 6.5, 5, 7], "texture": "#2"},
				"up": {"uv": [4.5, 6.5, 5, 7], "texture": "#2"},
				"down": {"uv": [4.5, 6.5, 5, 7], "texture": "#2", "cullface": "down"}
			}
		}
	],
	"display": {
		"thirdperson_righthand": {
			"rotation": [75, 45, 0],
			"translation": [0, 2.5, 2.5],
			"scale": [0.375, 0.375, 0.375]
		},
		"thirdperson_lefthand": {
			"rotation": [75, 45, 0],
			"translation": [0, 2.5, 0],
			"scale": [0.375, 0.375, 0.375]
		},
		"firstperson_righthand": {
			"rotation": [0, 45, 0],
			"scale": [0.4, 0.4, 0.4]
		},
		"firstperson_lefthand": {
			"rotation": [0, 225, 0],
			"scale": [0.4, 0.4, 0.4]
		},
		"ground": {
			"translation": [0, 3, 0],
			"scale": [0.25, 0.25, 0.25]
		},
		"gui": {
			"rotation": [30, 225, 0],
			"scale": [0.625, 0.625, 0.625]
		},
		"fixed": {
			"scale": [0.5, 0.5, 0.5]
		}
	}
}