{
	"credit": "Made by N0do | GMnodo",
	"textures": {
		"0": "modeltextures/ore/nether_quartz_ore",
		"particle": "modeltextures/ore/nether_quartz_ore"
	},
	"elements": [
		{
			"from": [0, 0, 0],
			"to": [16, 16, 16],
			"faces": {
				"north": {"uv": [0, 0, 16, 16], "texture": "#0", "cullface": "north"},
				"east": {"uv": [0, 0, 16, 16], "texture": "#0", "cullface": "east"},
				"south": {"uv": [0, 0, 16, 16], "texture": "#0", "cullface": "south"},
				"west": {"uv": [0, 0, 16, 16], "texture": "#0", "cullface": "west"},
				"up": {"uv": [0, 0, 16, 16], "texture": "#0", "cullface": "up"},
				"down": {"uv": [0, 0, 16, 16], "texture": "#0", "cullface": "down"}
			}
		},
		{
			"from": [3, 2, -0.75],
			"to": [4, 3, 0],
			"faces": {
				"north": {"uv": [12, 13, 13, 14], "texture": "#0", "cullface": "north"},
				"east": {"uv": [12, 13, 12.75, 14], "texture": "#0", "cullface": "north"},
				"west": {"uv": [12, 13, 12.75, 14], "texture": "#0", "cullface": "north"},
				"up": {"uv": [12, 13, 13, 13.75], "texture": "#0", "cullface": "north"},
				"down": {"uv": [12, 13, 13, 13.75], "texture": "#0", "cullface": "north"}
			}
		},
		{
			"from": [6, 3, -0.75],
			"to": [9, 4, 0],
			"faces": {
				"north": {"uv": [7, 12, 10, 13], "texture": "#0", "cullface": "north"},
				"east": {"uv": [7, 12, 7.75, 13], "texture": "#0", "cullface": "north"},
				"west": {"uv": [9, 12, 9.75, 13], "texture": "#0", "cullface": "north"},
				"up": {"uv": [10, 12, 7, 12.75], "texture": "#0", "cullface": "north"},
				"down": {"uv": [10, 12, 7, 12.75], "texture": "#0", "cullface": "north"}
			}
		},
		{
			"from": [7, 2, -0.75],
			"to": [8, 3, 0],
			"faces": {
				"north": {"uv": [8, 13, 9, 14], "texture": "#0", "cullface": "north"},
				"east": {"uv": [8, 13, 8.75, 14], "texture": "#0", "cullface": "north"},
				"west": {"uv": [8, 13, 8.75, 14], "texture": "#0", "cullface": "north"},
				"down": {"uv": [8, 13, 9, 13.75], "texture": "#0", "cullface": "north"}
			}
		},
		{
			"from": [6, 4, -0.75],
			"to": [7, 5, 0],
			"faces": {
				"north": {"uv": [9, 11, 10, 12], "texture": "#0", "cullface": "north"},
				"east": {"uv": [9, 11, 9.75, 12], "texture": "#0", "cullface": "north"},
				"west": {"uv": [9, 11, 9.75, 12], "texture": "#0", "cullface": "north"},
				"up": {"uv": [9, 11, 10, 11.75], "texture": "#0", "cullface": "north"}
			}
		},
		{
			"from": [6, 10, -0.75],
			"to": [7, 11, 0],
			"faces": {
				"north": {"uv": [9, 5, 10, 6], "texture": "#0", "cullface": "north"},
				"east": {"uv": [9, 5, 9.75, 6], "texture": "#0", "cullface": "north"},
				"west": {"uv": [9, 5, 9.75, 6], "texture": "#0", "cullface": "north"},
				"up": {"uv": [9, 5, 10, 5.75], "texture": "#0", "cullface": "north"}
			}
		},
		{
			"from": [10, 11, -0.75],
			"to": [12, 12, 0],
			"faces": {
				"north": {"uv": [4, 4, 6, 5], "texture": "#0", "cullface": "north"},
				"east": {"uv": [4, 4, 4.75, 5], "texture": "#0", "cullface": "north"},
				"west": {"uv": [5, 4, 5.75, 5], "texture": "#0", "cullface": "north"},
				"up": {"uv": [6, 4, 4, 4.75], "texture": "#0", "cullface": "north"},
				"down": {"uv": [6, 4, 4, 4.75], "texture": "#0", "cullface": "north"}
			}
		},
		{
			"from": [6, 13, -0.75],
			"to": [8, 14, 0],
			"faces": {
				"north": {"uv": [8, 2, 10, 3], "texture": "#0", "cullface": "north"},
				"east": {"uv": [8, 2, 8.75, 3], "texture": "#0", "cullface": "north"},
				"west": {"uv": [9, 2, 9.75, 3], "texture": "#0", "cullface": "north"},
				"up": {"uv": [10, 2, 8, 2.75], "texture": "#0", "cullface": "north"},
				"down": {"uv": [10, 2, 8, 2.75], "texture": "#0", "cullface": "north"}
			}
		},
		{
			"from": [8, 12, -0.75],
			"to": [11, 13, 0],
			"faces": {
				"north": {"uv": [5, 3, 8, 4], "texture": "#0", "cullface": "north"},
				"east": {"uv": [5, 3, 5.75, 4], "texture": "#0", "cullface": "north"},
				"west": {"uv": [5, 3, 5.75, 4], "texture": "#0", "cullface": "north"},
				"up": {"uv": [8, 3, 5, 3.75], "texture": "#0", "cullface": "north"},
				"down": {"uv": [8, 3, 5, 3.75], "rotation": 180, "texture": "#0", "cullface": "north"}
			}
		},
		{
			"from": [11, 10, -0.75],
			"to": [12, 11, 0],
			"faces": {
				"north": {"uv": [4, 5, 5, 6], "texture": "#0", "cullface": "north"},
				"east": {"uv": [4, 5, 4.75, 6], "texture": "#0", "cullface": "north"},
				"west": {"uv": [4, 5, 4.75, 6], "texture": "#0", "cullface": "north"},
				"down": {"uv": [4, 5, 5, 5.75], "texture": "#0", "cullface": "north"}
			}
		},
		{
			"from": [6, 9, -0.75],
			"to": [9, 10, 0],
			"faces": {
				"north": {"uv": [7, 6, 10, 7], "texture": "#0", "cullface": "north"},
				"east": {"uv": [7, 6, 7.75, 7], "texture": "#0", "cullface": "north"},
				"west": {"uv": [9.75, 6, 9, 7], "texture": "#0", "cullface": "north"},
				"up": {"uv": [10, 6, 7, 6.75], "texture": "#0", "cullface": "north"},
				"down": {"uv": [10, 6, 7, 6.75], "texture": "#0", "cullface": "north"}
			}
		},
		{
			"from": [2, 3, -0.75],
			"to": [3, 4, 0],
			"faces": {
				"north": {"uv": [12, 13, 13, 14], "texture": "#0", "cullface": "north"},
				"east": {"uv": [12, 13, 12.75, 14], "texture": "#0", "cullface": "north"},
				"west": {"uv": [12, 13, 12.75, 14], "texture": "#0", "cullface": "north"},
				"up": {"uv": [12, 13, 13, 13.75], "texture": "#0", "cullface": "north"},
				"down": {"uv": [12, 13, 13, 13.75], "texture": "#0", "cullface": "north"}
			}
		},
		{
			"from": [11, 5, -0.75],
			"to": [13, 6, 0],
			"faces": {
				"north": {"uv": [3, 10, 5, 11], "texture": "#0", "cullface": "north"},
				"east": {"uv": [3, 10, 3.75, 11], "texture": "#0", "cullface": "north"},
				"west": {"uv": [4, 10, 4.75, 11], "texture": "#0", "cullface": "north"},
				"up": {"uv": [5, 10, 3, 10.75], "texture": "#0", "cullface": "north"},
				"down": {"uv": [5, 10, 3, 10.75], "texture": "#0", "cullface": "north"}
			}
		},
		{
			"from": [10, 6, -0.75],
			"to": [12, 8, 0],
			"faces": {
				"north": {"uv": [4, 8, 6, 10], "texture": "#0", "cullface": "north"},
				"east": {"uv": [4, 8, 4.75, 10], "texture": "#0", "cullface": "north"},
				"west": {"uv": [5, 8, 5.75, 10], "texture": "#0", "cullface": "north"},
				"up": {"uv": [6, 8, 4, 8.75], "texture": "#0", "cullface": "north"},
				"down": {"uv": [6, 9, 4, 9.75], "texture": "#0", "cullface": "north"}
			}
		},
		{
			"from": [1, 8, -0.75],
			"to": [3, 9, 0],
			"faces": {
				"north": {"uv": [13, 7, 15, 8], "texture": "#0", "cullface": "north"},
				"east": {"uv": [13, 7, 13.75, 8], "texture": "#0", "cullface": "north"},
				"west": {"uv": [14, 7, 14.75, 8], "texture": "#0", "cullface": "north"},
				"up": {"uv": [15, 7, 13, 7.75], "texture": "#0", "cullface": "north"},
				"down": {"uv": [15, 7, 13, 7.75], "texture": "#0", "cullface": "north"}
			}
		},
		{
			"from": [2, 6, -0.75],
			"to": [4, 8, 0],
			"faces": {
				"north": {"uv": [12, 8, 14, 10], "texture": "#0", "cullface": "north"},
				"east": {"uv": [12, 8, 12.75, 10], "texture": "#0", "cullface": "north"},
				"west": {"uv": [13, 8, 13.75, 10], "texture": "#0", "cullface": "north"},
				"up": {"uv": [14, 8, 12, 8.75], "texture": "#0", "cullface": "north"},
				"down": {"uv": [14, 9, 12, 9.75], "texture": "#0", "cullface": "north"}
			}
		},
		{
			"from": [-0.75, 2, 12],
			"to": [0, 3, 13],
			"faces": {
				"north": {"uv": [12, 13, 12.75, 14], "texture": "#0", "cullface": "west"},
				"south": {"uv": [12, 13, 12.75, 14], "texture": "#0", "cullface": "west"},
				"west": {"uv": [12, 13, 13, 14], "texture": "#0", "cullface": "west"},
				"up": {"uv": [12, 13, 13, 13.75], "rotation": 270, "texture": "#0", "cullface": "west"},
				"down": {"uv": [12, 13, 13, 13.75], "rotation": 90, "texture": "#0", "cullface": "west"}
			}
		},
		{
			"from": [-0.75, 3, 13],
			"to": [0, 4, 14],
			"faces": {
				"north": {"uv": [12, 13, 12.75, 14], "texture": "#0", "cullface": "west"},
				"south": {"uv": [12, 13, 12.75, 14], "texture": "#0", "cullface": "west"},
				"west": {"uv": [12, 13, 13, 14], "texture": "#0", "cullface": "west"},
				"up": {"uv": [12, 13, 13, 13.75], "rotation": 270, "texture": "#0", "cullface": "west"},
				"down": {"uv": [12, 13, 13, 13.75], "rotation": 90, "texture": "#0", "cullface": "west"}
			}
		},
		{
			"from": [-0.75, 3, 7],
			"to": [0, 4, 10],
			"faces": {
				"north": {"uv": [7, 12, 7.75, 13], "texture": "#0", "cullface": "west"},
				"south": {"uv": [9, 12, 9.75, 13], "texture": "#0", "cullface": "west"},
				"west": {"uv": [7, 12, 10, 13], "texture": "#0", "cullface": "west"},
				"up": {"uv": [10, 12, 7, 12.75], "rotation": 270, "texture": "#0", "cullface": "west"},
				"down": {"uv": [10, 12, 7, 12.75], "rotation": 90, "texture": "#0", "cullface": "west"}
			}
		},
		{
			"from": [-0.75, 2, 8],
			"to": [0, 3, 9],
			"faces": {
				"north": {"uv": [8, 13, 8.75, 14], "texture": "#0", "cullface": "west"},
				"south": {"uv": [8, 13, 8.75, 14], "texture": "#0", "cullface": "west"},
				"west": {"uv": [8, 13, 9, 14], "texture": "#0", "cullface": "west"},
				"down": {"uv": [8, 13, 9, 13.75], "rotation": 90, "texture": "#0", "cullface": "west"}
			}
		},
		{
			"from": [-0.75, 4, 9],
			"to": [0, 5, 10],
			"faces": {
				"north": {"uv": [9, 11, 9.75, 12], "texture": "#0", "cullface": "west"},
				"south": {"uv": [9, 11, 9.75, 12], "texture": "#0", "cullface": "west"},
				"west": {"uv": [9, 11, 10, 12], "texture": "#0", "cullface": "west"},
				"up": {"uv": [9, 11, 10, 11.75], "rotation": 270, "texture": "#0", "cullface": "west"}
			}
		},
		{
			"from": [-0.75, 5, 3],
			"to": [0, 6, 5],
			"faces": {
				"north": {"uv": [3, 10, 3.75, 11], "texture": "#0", "cullface": "west"},
				"south": {"uv": [4, 10, 4.75, 11], "texture": "#0", "cullface": "west"},
				"west": {"uv": [3, 10, 5, 11], "texture": "#0", "cullface": "west"},
				"up": {"uv": [5, 10, 3, 10.75], "rotation": 270, "texture": "#0", "cullface": "west"},
				"down": {"uv": [5, 10, 3, 10.75], "rotation": 90, "texture": "#0", "cullface": "west"}
			}
		},
		{
			"from": [-0.75, 6, 4],
			"to": [0, 8, 6],
			"faces": {
				"north": {"uv": [4, 8, 4.75, 10], "texture": "#0", "cullface": "west"},
				"south": {"uv": [5, 8, 5.75, 10], "texture": "#0", "cullface": "west"},
				"west": {"uv": [4, 8, 6, 10], "texture": "#0", "cullface": "west"},
				"up": {"uv": [6, 8, 4, 8.75], "rotation": 270, "texture": "#0", "cullface": "west"},
				"down": {"uv": [6, 9, 4, 9.75], "rotation": 90, "texture": "#0", "cullface": "west"}
			}
		},
		{
			"from": [-0.75, 9, 7],
			"to": [0, 10, 10],
			"faces": {
				"north": {"uv": [7, 6, 7.75, 7], "texture": "#0", "cullface": "west"},
				"south": {"uv": [9.75, 6, 9, 7], "texture": "#0", "cullface": "west"},
				"west": {"uv": [7, 6, 10, 7], "texture": "#0", "cullface": "west"},
				"up": {"uv": [10, 6, 7, 6.75], "rotation": 270, "texture": "#0", "cullface": "west"},
				"down": {"uv": [10, 6, 7, 6.75], "rotation": 90, "texture": "#0", "cullface": "west"}
			}
		},
		{
			"from": [-0.75, 10, 9],
			"to": [0, 11, 10],
			"faces": {
				"north": {"uv": [9, 5, 9.75, 6], "texture": "#0", "cullface": "west"},
				"south": {"uv": [9, 5, 9.75, 6], "texture": "#0", "cullface": "west"},
				"west": {"uv": [9, 5, 10, 6], "texture": "#0", "cullface": "west"},
				"up": {"uv": [9, 5, 10, 5.75], "rotation": 270, "texture": "#0", "cullface": "west"}
			}
		},
		{
			"from": [-0.75, 11, 4],
			"to": [0, 12, 6],
			"faces": {
				"north": {"uv": [4, 4, 4.75, 5], "texture": "#0", "cullface": "west"},
				"south": {"uv": [5, 4, 5.75, 5], "texture": "#0", "cullface": "west"},
				"west": {"uv": [4, 4, 6, 5], "texture": "#0", "cullface": "west"},
				"up": {"uv": [6, 4, 4, 4.75], "rotation": 270, "texture": "#0", "cullface": "west"},
				"down": {"uv": [6, 4, 4, 4.75], "rotation": 90, "texture": "#0", "cullface": "west"}
			}
		},
		{
			"from": [-0.75, 10, 4],
			"to": [0, 11, 5],
			"faces": {
				"north": {"uv": [4, 5, 4.75, 6], "texture": "#0", "cullface": "west"},
				"south": {"uv": [4, 5, 4.75, 6], "texture": "#0", "cullface": "west"},
				"west": {"uv": [4, 5, 5, 6], "texture": "#0", "cullface": "west"},
				"down": {"uv": [4, 5, 5, 5.75], "rotation": 90, "texture": "#0", "cullface": "west"}
			}
		},
		{
			"from": [-0.75, 12, 5],
			"to": [0, 13, 8],
			"faces": {
				"north": {"uv": [5, 3, 5.75, 4], "texture": "#0", "cullface": "west"},
				"south": {"uv": [5, 3, 5.75, 4], "texture": "#0", "cullface": "west"},
				"west": {"uv": [5, 3, 8, 4], "texture": "#0", "cullface": "west"},
				"up": {"uv": [8, 3, 5, 3.75], "rotation": 270, "texture": "#0", "cullface": "west"},
				"down": {"uv": [8, 3, 5, 3.75], "rotation": 180, "texture": "#0", "cullface": "west"}
			}
		},
		{
			"from": [-0.75, 13, 8],
			"to": [0, 14, 10],
			"faces": {
				"north": {"uv": [8, 2, 8.75, 3], "texture": "#0", "cullface": "west"},
				"south": {"uv": [9, 2, 9.75, 3], "texture": "#0", "cullface": "west"},
				"west": {"uv": [8, 2, 10, 3], "texture": "#0", "cullface": "west"},
				"up": {"uv": [10, 2, 8, 2.75], "rotation": 270, "texture": "#0", "cullface": "west"},
				"down": {"uv": [10, 2, 8, 2.75], "rotation": 90, "texture": "#0", "cullface": "west"}
			}
		},
		{
			"from": [-0.75, 6, 12],
			"to": [0, 8, 14],
			"faces": {
				"north": {"uv": [12, 8, 12.75, 10], "texture": "#0", "cullface": "west"},
				"south": {"uv": [13, 8, 13.75, 10], "texture": "#0", "cullface": "west"},
				"west": {"uv": [12, 8, 14, 10], "texture": "#0", "cullface": "west"},
				"up": {"uv": [14, 8, 12, 8.75], "rotation": 270, "texture": "#0", "cullface": "west"},
				"down": {"uv": [14, 9, 12, 9.75], "rotation": 90, "texture": "#0", "cullface": "west"}
			}
		},
		{
			"from": [-0.75, 8, 13],
			"to": [0, 9, 15],
			"faces": {
				"north": {"uv": [13, 7, 13.75, 8], "texture": "#0", "cullface": "west"},
				"south": {"uv": [14, 7, 14.75, 8], "texture": "#0", "cullface": "west"},
				"west": {"uv": [13, 7, 15, 8], "texture": "#0", "cullface": "west"},
				"up": {"uv": [15, 7, 13, 7.75], "rotation": 270, "texture": "#0", "cullface": "west"},
				"down": {"uv": [15, 7, 13, 7.75], "rotation": 90, "texture": "#0", "cullface": "west"}
			}
		},
		{
			"from": [12, 2, 16],
			"to": [13, 3, 16.75],
			"faces": {
				"east": {"uv": [12, 13, 12.75, 14], "texture": "#0", "cullface": "south"},
				"south": {"uv": [12, 13, 13, 14], "texture": "#0", "cullface": "south"},
				"west": {"uv": [12, 13, 12.75, 14], "texture": "#0", "cullface": "south"},
				"up": {"uv": [12, 13, 13, 13.75], "rotation": 180, "texture": "#0", "cullface": "south"},
				"down": {"uv": [12, 13, 13, 13.75], "rotation": 180, "texture": "#0", "cullface": "south"}
			}
		},
		{
			"from": [13, 3, 16],
			"to": [14, 4, 16.75],
			"faces": {
				"east": {"uv": [12, 13, 12.75, 14], "texture": "#0", "cullface": "south"},
				"south": {"uv": [12, 13, 13, 14], "texture": "#0", "cullface": "south"},
				"west": {"uv": [12, 13, 12.75, 14], "texture": "#0", "cullface": "south"},
				"up": {"uv": [12, 13, 13, 13.75], "rotation": 180, "texture": "#0", "cullface": "south"},
				"down": {"uv": [12, 13, 13, 13.75], "rotation": 180, "texture": "#0", "cullface": "south"}
			}
		},
		{
			"from": [7, 3, 16],
			"to": [10, 4, 16.75],
			"faces": {
				"east": {"uv": [9, 12, 9.75, 13], "texture": "#0", "cullface": "south"},
				"south": {"uv": [7, 12, 10, 13], "texture": "#0", "cullface": "south"},
				"west": {"uv": [7, 12, 7.75, 13], "texture": "#0", "cullface": "south"},
				"up": {"uv": [10, 12, 7, 12.75], "rotation": 180, "texture": "#0", "cullface": "south"},
				"down": {"uv": [10, 12, 7, 12.75], "rotation": 180, "texture": "#0", "cullface": "south"}
			}
		},
		{
			"from": [8, 2, 16],
			"to": [9, 3, 16.75],
			"faces": {
				"east": {"uv": [8, 13, 8.75, 14], "texture": "#0", "cullface": "south"},
				"south": {"uv": [8, 13, 9, 14], "texture": "#0", "cullface": "south"},
				"west": {"uv": [8, 13, 8.75, 14], "texture": "#0", "cullface": "south"},
				"down": {"uv": [8, 13, 9, 13.75], "rotation": 180, "texture": "#0", "cullface": "south"}
			}
		},
		{
			"from": [9, 4, 16],
			"to": [10, 5, 16.75],
			"faces": {
				"east": {"uv": [9, 11, 9.75, 12], "texture": "#0", "cullface": "south"},
				"south": {"uv": [9, 11, 10, 12], "texture": "#0", "cullface": "south"},
				"west": {"uv": [9, 11, 9.75, 12], "texture": "#0", "cullface": "south"},
				"up": {"uv": [9, 11, 10, 11.75], "rotation": 180, "texture": "#0", "cullface": "south"}
			}
		},
		{
			"from": [3, 5, 16],
			"to": [5, 6, 16.75],
			"faces": {
				"east": {"uv": [4, 10, 4.75, 11], "texture": "#0", "cullface": "south"},
				"south": {"uv": [3, 10, 5, 11], "texture": "#0", "cullface": "south"},
				"west": {"uv": [3, 10, 3.75, 11], "texture": "#0", "cullface": "south"},
				"up": {"uv": [5, 10, 3, 10.75], "rotation": 180, "texture": "#0", "cullface": "south"},
				"down": {"uv": [5, 10, 3, 10.75], "rotation": 180, "texture": "#0", "cullface": "south"}
			}
		},
		{
			"from": [4, 6, 16],
			"to": [6, 8, 16.75],
			"faces": {
				"east": {"uv": [5, 8, 5.75, 10], "texture": "#0", "cullface": "south"},
				"south": {"uv": [4, 8, 6, 10], "texture": "#0", "cullface": "south"},
				"west": {"uv": [4, 8, 4.75, 10], "texture": "#0", "cullface": "south"},
				"up": {"uv": [6, 8, 4, 8.75], "rotation": 180, "texture": "#0", "cullface": "south"},
				"down": {"uv": [6, 9, 4, 9.75], "rotation": 180, "texture": "#0", "cullface": "south"}
			}
		},
		{
			"from": [7, 9, 16],
			"to": [10, 10, 16.75],
			"faces": {
				"east": {"uv": [9.75, 6, 9, 7], "texture": "#0", "cullface": "south"},
				"south": {"uv": [7, 6, 10, 7], "texture": "#0", "cullface": "south"},
				"west": {"uv": [7, 6, 7.75, 7], "texture": "#0", "cullface": "south"},
				"up": {"uv": [10, 6, 7, 6.75], "rotation": 180, "texture": "#0", "cullface": "south"},
				"down": {"uv": [10, 6, 7, 6.75], "rotation": 180, "texture": "#0", "cullface": "south"}
			}
		},
		{
			"from": [9, 10, 16],
			"to": [10, 11, 16.75],
			"faces": {
				"east": {"uv": [9, 5, 9.75, 6], "texture": "#0", "cullface": "south"},
				"south": {"uv": [9, 5, 10, 6], "texture": "#0", "cullface": "south"},
				"west": {"uv": [9, 5, 9.75, 6], "texture": "#0", "cullface": "south"},
				"up": {"uv": [9, 5, 10, 5.75], "rotation": 180, "texture": "#0", "cullface": "south"}
			}
		},
		{
			"from": [4, 11, 16],
			"to": [6, 12, 16.75],
			"faces": {
				"east": {"uv": [5, 4, 5.75, 5], "texture": "#0", "cullface": "south"},
				"south": {"uv": [4, 4, 6, 5], "texture": "#0", "cullface": "south"},
				"west": {"uv": [4, 4, 4.75, 5], "texture": "#0", "cullface": "south"},
				"up": {"uv": [6, 4, 4, 4.75], "rotation": 180, "texture": "#0", "cullface": "south"},
				"down": {"uv": [6, 4, 4, 4.75], "rotation": 180, "texture": "#0", "cullface": "south"}
			}
		},
		{
			"from": [4, 10, 16],
			"to": [5, 11, 16.75],
			"faces": {
				"east": {"uv": [4, 5, 4.75, 6], "texture": "#0", "cullface": "south"},
				"south": {"uv": [4, 5, 5, 6], "texture": "#0", "cullface": "south"},
				"west": {"uv": [4, 5, 4.75, 6], "texture": "#0", "cullface": "south"},
				"down": {"uv": [4, 5, 5, 5.75], "rotation": 180, "texture": "#0", "cullface": "south"}
			}
		},
		{
			"from": [5, 12, 16],
			"to": [8, 13, 16.75],
			"faces": {
				"east": {"uv": [5, 3, 5.75, 4], "texture": "#0", "cullface": "south"},
				"south": {"uv": [5, 3, 8, 4], "texture": "#0", "cullface": "south"},
				"west": {"uv": [5, 3, 5.75, 4], "texture": "#0", "cullface": "south"},
				"up": {"uv": [8, 3, 5, 3.75], "rotation": 180, "texture": "#0", "cullface": "south"},
				"down": {"uv": [8, 3, 5, 3.75], "rotation": 180, "texture": "#0", "cullface": "south"}
			}
		},
		{
			"from": [8, 13, 16],
			"to": [10, 14, 16.75],
			"faces": {
				"east": {"uv": [9, 2, 9.75, 3], "texture": "#0", "cullface": "south"},
				"south": {"uv": [8, 2, 10, 3], "texture": "#0", "cullface": "south"},
				"west": {"uv": [8, 2, 8.75, 3], "texture": "#0", "cullface": "south"},
				"up": {"uv": [10, 2, 8, 2.75], "rotation": 180, "texture": "#0", "cullface": "south"},
				"down": {"uv": [10, 2, 8, 2.75], "rotation": 180, "texture": "#0", "cullface": "south"}
			}
		},
		{
			"from": [12, 6, 16],
			"to": [14, 8, 16.75],
			"faces": {
				"east": {"uv": [13, 8, 13.75, 10], "texture": "#0", "cullface": "south"},
				"south": {"uv": [12, 8, 14, 10], "texture": "#0", "cullface": "south"},
				"west": {"uv": [12, 8, 12.75, 10], "texture": "#0", "cullface": "south"},
				"up": {"uv": [14, 8, 12, 8.75], "rotation": 180, "texture": "#0", "cullface": "south"},
				"down": {"uv": [14, 9, 12, 9.75], "rotation": 180, "texture": "#0", "cullface": "south"}
			}
		},
		{
			"from": [13, 8, 16],
			"to": [15, 9, 16.75],
			"faces": {
				"east": {"uv": [14, 7, 14.75, 8], "texture": "#0", "cullface": "south"},
				"south": {"uv": [13, 7, 15, 8], "texture": "#0", "cullface": "south"},
				"west": {"uv": [13, 7, 13.75, 8], "texture": "#0", "cullface": "south"},
				"up": {"uv": [15, 7, 13, 7.75], "rotation": 180, "texture": "#0", "cullface": "south"},
				"down": {"uv": [15, 7, 13, 7.75], "rotation": 180, "texture": "#0", "cullface": "south"}
			}
		},
		{
			"from": [12, -0.75, 2],
			"to": [13, 0, 3],
			"rotation": {"angle": 0, "axis": "x", "origin": [8.76667, 7.625, 16.5]},
			"faces": {
				"north": {"uv": [12, 13, 13, 13.75], "texture": "#0", "cullface": "down"},
				"east": {"uv": [12, 13, 12.75, 14], "rotation": 270, "texture": "#0", "cullface": "down"},
				"south": {"uv": [12, 13, 13, 13.75], "rotation": 180, "texture": "#0", "cullface": "down"},
				"west": {"uv": [12, 13, 12.75, 14], "rotation": 90, "texture": "#0", "cullface": "down"},
				"down": {"uv": [12, 13, 13, 14], "texture": "#0", "cullface": "down"}
			}
		},
		{
			"from": [13, -0.75, 3],
			"to": [14, 0, 4],
			"rotation": {"angle": 0, "axis": "x", "origin": [8.76667, 7.625, 16.5]},
			"faces": {
				"north": {"uv": [12, 13, 13, 13.75], "texture": "#0", "cullface": "down"},
				"east": {"uv": [12, 13, 12.75, 14], "rotation": 270, "texture": "#0", "cullface": "down"},
				"south": {"uv": [12, 13, 13, 13.75], "rotation": 180, "texture": "#0", "cullface": "down"},
				"west": {"uv": [12, 13, 12.75, 14], "rotation": 90, "texture": "#0", "cullface": "down"},
				"down": {"uv": [12, 13, 13, 14], "texture": "#0", "cullface": "down"}
			}
		},
		{
			"from": [12, -0.75, 6],
			"to": [14, 0, 8],
			"rotation": {"angle": 0, "axis": "x", "origin": [8.76667, 7.625, 16.5]},
			"faces": {
				"north": {"uv": [14, 9, 12, 9.75], "texture": "#0", "cullface": "down"},
				"east": {"uv": [13, 8, 13.75, 10], "rotation": 270, "texture": "#0", "cullface": "down"},
				"south": {"uv": [14, 8, 12, 8.75], "rotation": 180, "texture": "#0", "cullface": "down"},
				"west": {"uv": [12, 8, 12.75, 10], "rotation": 90, "texture": "#0", "cullface": "down"},
				"down": {"uv": [12, 8, 14, 10], "texture": "#0", "cullface": "down"}
			}
		},
		{
			"from": [13, -0.75, 8],
			"to": [15, 0, 9],
			"rotation": {"angle": 0, "axis": "x", "origin": [8.76667, 7.625, 16.5]},
			"faces": {
				"north": {"uv": [15, 7, 13, 7.75], "texture": "#0", "cullface": "down"},
				"east": {"uv": [14, 7, 14.75, 8], "rotation": 270, "texture": "#0", "cullface": "down"},
				"south": {"uv": [15, 7, 13, 7.75], "rotation": 180, "texture": "#0", "cullface": "down"},
				"west": {"uv": [13, 7, 13.75, 8], "rotation": 90, "texture": "#0", "cullface": "down"},
				"down": {"uv": [13, 7, 15, 8], "texture": "#0", "cullface": "down"}
			}
		},
		{
			"from": [7, -0.75, 9],
			"to": [10, 0, 10],
			"rotation": {"angle": 0, "axis": "x", "origin": [8.76667, 7.625, 16.5]},
			"faces": {
				"north": {"uv": [10, 6, 7, 6.75], "texture": "#0", "cullface": "down"},
				"east": {"uv": [9.75, 6, 9, 7], "rotation": 270, "texture": "#0", "cullface": "down"},
				"south": {"uv": [10, 6, 7, 6.75], "rotation": 180, "texture": "#0", "cullface": "down"},
				"west": {"uv": [7, 6, 7.75, 7], "rotation": 90, "texture": "#0", "cullface": "down"},
				"down": {"uv": [7, 6, 10, 7], "texture": "#0", "cullface": "down"}
			}
		},
		{
			"from": [9, -0.75, 10],
			"to": [10, 0, 11],
			"rotation": {"angle": 0, "axis": "x", "origin": [8.76667, 7.625, 16.5]},
			"faces": {
				"east": {"uv": [9, 5, 9.75, 6], "rotation": 270, "texture": "#0", "cullface": "down"},
				"south": {"uv": [9, 5, 10, 5.75], "rotation": 180, "texture": "#0", "cullface": "down"},
				"west": {"uv": [9, 5, 9.75, 6], "rotation": 90, "texture": "#0", "cullface": "down"},
				"down": {"uv": [9, 5, 10, 6], "texture": "#0", "cullface": "down"}
			}
		},
		{
			"from": [4, -0.75, 11],
			"to": [6, 0, 12],
			"rotation": {"angle": 0, "axis": "x", "origin": [8.76667, 7.625, 16.5]},
			"faces": {
				"north": {"uv": [6, 4, 4, 4.75], "texture": "#0", "cullface": "down"},
				"east": {"uv": [5, 4, 5.75, 5], "rotation": 270, "texture": "#0", "cullface": "down"},
				"south": {"uv": [6, 4, 4, 4.75], "rotation": 180, "texture": "#0", "cullface": "down"},
				"west": {"uv": [4, 4, 4.75, 5], "rotation": 90, "texture": "#0", "cullface": "down"},
				"down": {"uv": [4, 4, 6, 5], "texture": "#0", "cullface": "down"}
			}
		},
		{
			"from": [4, -0.75, 10],
			"to": [5, 0, 11],
			"rotation": {"angle": 0, "axis": "x", "origin": [8.76667, 7.625, 16.5]},
			"faces": {
				"north": {"uv": [4, 5, 5, 5.75], "texture": "#0", "cullface": "down"},
				"east": {"uv": [4, 5, 4.75, 6], "rotation": 270, "texture": "#0", "cullface": "down"},
				"west": {"uv": [4, 5, 4.75, 6], "rotation": 90, "texture": "#0", "cullface": "down"},
				"down": {"uv": [4, 5, 5, 6], "texture": "#0", "cullface": "down"}
			}
		},
		{
			"from": [5, -0.75, 12],
			"to": [8, 0, 13],
			"rotation": {"angle": 0, "axis": "x", "origin": [8.76667, 7.625, 16.5]},
			"faces": {
				"north": {"uv": [8, 3, 5, 3.75], "texture": "#0", "cullface": "down"},
				"east": {"uv": [5, 3, 5.75, 4], "rotation": 270, "texture": "#0", "cullface": "down"},
				"south": {"uv": [8, 3, 5, 3.75], "rotation": 180, "texture": "#0", "cullface": "down"},
				"west": {"uv": [5, 3, 5.75, 4], "rotation": 90, "texture": "#0", "cullface": "down"},
				"down": {"uv": [5, 3, 8, 4], "texture": "#0", "cullface": "down"}
			}
		},
		{
			"from": [8, -0.75, 13],
			"to": [10, 0, 14],
			"rotation": {"angle": 0, "axis": "x", "origin": [8.76667, 7.625, 16.5]},
			"faces": {
				"north": {"uv": [10, 2, 8, 2.75], "texture": "#0", "cullface": "down"},
				"east": {"uv": [9, 2, 9.75, 3], "rotation": 270, "texture": "#0", "cullface": "down"},
				"south": {"uv": [10, 2, 8, 2.75], "rotation": 180, "texture": "#0", "cullface": "down"},
				"west": {"uv": [8, 2, 8.75, 3], "rotation": 90, "texture": "#0", "cullface": "down"},
				"down": {"uv": [8, 2, 10, 3], "texture": "#0", "cullface": "down"}
			}
		},
		{
			"from": [4, -0.75, 6],
			"to": [6, 0, 8],
			"rotation": {"angle": 0, "axis": "x", "origin": [8.76667, 7.625, 16.5]},
			"faces": {
				"north": {"uv": [6, 9, 4, 9.75], "texture": "#0", "cullface": "down"},
				"east": {"uv": [5, 8, 5.75, 10], "rotation": 270, "texture": "#0", "cullface": "down"},
				"south": {"uv": [6, 8, 4, 8.75], "rotation": 180, "texture": "#0", "cullface": "down"},
				"west": {"uv": [4, 8, 4.75, 10], "rotation": 90, "texture": "#0", "cullface": "down"},
				"down": {"uv": [4, 8, 6, 10], "texture": "#0", "cullface": "down"}
			}
		},
		{
			"from": [3, -0.75, 5],
			"to": [5, 0, 6],
			"rotation": {"angle": 0, "axis": "x", "origin": [8.76667, 7.625, 16.5]},
			"faces": {
				"north": {"uv": [5, 10, 3, 10.75], "texture": "#0", "cullface": "down"},
				"east": {"uv": [4, 10, 4.75, 11], "rotation": 270, "texture": "#0", "cullface": "down"},
				"south": {"uv": [5, 10, 3, 10.75], "rotation": 180, "texture": "#0", "cullface": "down"},
				"west": {"uv": [3, 10, 3.75, 11], "rotation": 90, "texture": "#0", "cullface": "down"},
				"down": {"uv": [3, 10, 5, 11], "texture": "#0", "cullface": "down"}
			}
		},
		{
			"from": [7, -0.75, 3],
			"to": [10, 0, 4],
			"rotation": {"angle": 0, "axis": "x", "origin": [8.76667, 7.625, 16.5]},
			"faces": {
				"north": {"uv": [10, 12, 7, 12.75], "texture": "#0", "cullface": "down"},
				"east": {"uv": [9, 12, 9.75, 13], "rotation": 270, "texture": "#0", "cullface": "down"},
				"south": {"uv": [10, 12, 7, 12.75], "rotation": 180, "texture": "#0", "cullface": "down"},
				"west": {"uv": [7, 12, 7.75, 13], "rotation": 90, "texture": "#0", "cullface": "down"},
				"down": {"uv": [7, 12, 10, 13], "texture": "#0", "cullface": "down"}
			}
		},
		{
			"from": [9, -0.75, 4],
			"to": [10, 0, 5],
			"rotation": {"angle": 0, "axis": "x", "origin": [8.76667, 7.625, 16.5]},
			"faces": {
				"east": {"uv": [9, 11, 9.75, 12], "rotation": 270, "texture": "#0", "cullface": "down"},
				"south": {"uv": [9, 11, 10, 11.75], "rotation": 180, "texture": "#0", "cullface": "down"},
				"west": {"uv": [9, 11, 9.75, 12], "rotation": 90, "texture": "#0", "cullface": "down"},
				"down": {"uv": [9, 11, 10, 12], "texture": "#0", "cullface": "down"}
			}
		},
		{
			"from": [8, -0.75, 2],
			"to": [9, 0, 3],
			"rotation": {"angle": 0, "axis": "x", "origin": [8.76667, 7.625, 16.5]},
			"faces": {
				"north": {"uv": [8, 13, 9, 13.75], "texture": "#0", "cullface": "down"},
				"east": {"uv": [8, 13, 8.75, 14], "rotation": 270, "texture": "#0", "cullface": "down"},
				"west": {"uv": [8, 13, 8.75, 14], "rotation": 90, "texture": "#0", "cullface": "down"},
				"down": {"uv": [8, 13, 9, 14], "texture": "#0", "cullface": "down"}
			}
		},
		{
			"from": [13, 16, 12],
			"to": [14, 16.75, 13],
			"faces": {
				"north": {"uv": [12, 13, 13, 13.75], "texture": "#0", "cullface": "up"},
				"east": {"uv": [12, 13, 12.75, 14], "rotation": 90, "texture": "#0", "cullface": "up"},
				"south": {"uv": [12, 13, 13, 13.75], "rotation": 180, "texture": "#0", "cullface": "up"},
				"west": {"uv": [12, 13, 12.75, 14], "rotation": 270, "texture": "#0", "cullface": "up"},
				"up": {"uv": [12, 13, 13, 14], "texture": "#0", "cullface": "up"}
			}
		},
		{
			"from": [12, 16, 13],
			"to": [13, 16.75, 14],
			"faces": {
				"north": {"uv": [12, 13, 13, 13.75], "texture": "#0", "cullface": "up"},
				"east": {"uv": [12, 13, 12.75, 14], "rotation": 90, "texture": "#0", "cullface": "up"},
				"south": {"uv": [12, 13, 13, 13.75], "rotation": 180, "texture": "#0", "cullface": "up"},
				"west": {"uv": [12, 13, 12.75, 14], "rotation": 270, "texture": "#0", "cullface": "up"},
				"up": {"uv": [12, 13, 13, 14], "texture": "#0", "cullface": "up"}
			}
		},
		{
			"from": [7, 16, 12],
			"to": [10, 16.75, 13],
			"faces": {
				"north": {"uv": [10, 12, 7, 12.75], "texture": "#0", "cullface": "up"},
				"east": {"uv": [9, 12, 9.75, 13], "rotation": 90, "texture": "#0", "cullface": "up"},
				"south": {"uv": [10, 12, 7, 12.75], "rotation": 180, "texture": "#0", "cullface": "up"},
				"west": {"uv": [7, 12, 7.75, 13], "rotation": 270, "texture": "#0", "cullface": "up"},
				"up": {"uv": [7, 12, 10, 13], "texture": "#0", "cullface": "up"}
			}
		},
		{
			"from": [8, 16, 13],
			"to": [9, 16.75, 14],
			"faces": {
				"east": {"uv": [8, 13, 8.75, 14], "rotation": 90, "texture": "#0", "cullface": "up"},
				"south": {"uv": [8, 13, 9, 13.75], "rotation": 180, "texture": "#0", "cullface": "up"},
				"west": {"uv": [8, 13, 8.75, 14], "rotation": 270, "texture": "#0", "cullface": "up"},
				"up": {"uv": [8, 13, 9, 14], "texture": "#0", "cullface": "up"}
			}
		},
		{
			"from": [9, 16, 11],
			"to": [10, 16.75, 12],
			"faces": {
				"north": {"uv": [9, 11, 10, 11.75], "texture": "#0", "cullface": "up"},
				"east": {"uv": [9, 11, 9.75, 12], "rotation": 90, "texture": "#0", "cullface": "up"},
				"west": {"uv": [9, 11, 9.75, 12], "rotation": 270, "texture": "#0", "cullface": "up"},
				"up": {"uv": [9, 11, 10, 12], "texture": "#0", "cullface": "up"}
			}
		},
		{
			"from": [3, 16, 10],
			"to": [5, 16.75, 11],
			"faces": {
				"north": {"uv": [5, 10, 3, 10.75], "texture": "#0", "cullface": "up"},
				"east": {"uv": [4, 10, 4.75, 11], "rotation": 90, "texture": "#0", "cullface": "up"},
				"south": {"uv": [5, 10, 3, 10.75], "rotation": 180, "texture": "#0", "cullface": "up"},
				"west": {"uv": [3, 10, 3.75, 11], "rotation": 270, "texture": "#0", "cullface": "up"},
				"up": {"uv": [3, 10, 5, 11], "texture": "#0", "cullface": "up"}
			}
		},
		{
			"from": [4, 16, 8],
			"to": [6, 16.75, 10],
			"faces": {
				"north": {"uv": [6, 8, 4, 8.75], "texture": "#0", "cullface": "up"},
				"east": {"uv": [5, 8, 5.75, 10], "rotation": 90, "texture": "#0", "cullface": "up"},
				"south": {"uv": [6, 9, 4, 9.75], "rotation": 180, "texture": "#0", "cullface": "up"},
				"west": {"uv": [4, 8, 4.75, 10], "rotation": 270, "texture": "#0", "cullface": "up"},
				"up": {"uv": [4, 8, 6, 10], "texture": "#0", "cullface": "up"}
			}
		},
		{
			"from": [7, 16, 6],
			"to": [10, 16.75, 7],
			"faces": {
				"north": {"uv": [10, 6, 7, 6.75], "texture": "#0", "cullface": "up"},
				"east": {"uv": [9.75, 6, 9, 7], "rotation": 90, "texture": "#0", "cullface": "up"},
				"south": {"uv": [10, 6, 7, 6.75], "rotation": 180, "texture": "#0", "cullface": "up"},
				"west": {"uv": [7, 6, 7.75, 7], "rotation": 270, "texture": "#0", "cullface": "up"},
				"up": {"uv": [7, 6, 10, 7], "texture": "#0", "cullface": "up"}
			}
		},
		{
			"from": [9, 16, 5],
			"to": [10, 16.75, 6],
			"faces": {
				"north": {"uv": [9, 5, 10, 5.75], "texture": "#0", "cullface": "up"},
				"east": {"uv": [9, 5, 9.75, 6], "rotation": 90, "texture": "#0", "cullface": "up"},
				"west": {"uv": [9, 5, 9.75, 6], "rotation": 270, "texture": "#0", "cullface": "up"},
				"up": {"uv": [9, 5, 10, 6], "texture": "#0", "cullface": "up"}
			}
		},
		{
			"from": [4, 16, 5],
			"to": [5, 16.75, 6],
			"faces": {
				"east": {"uv": [4, 5, 4.75, 6], "rotation": 90, "texture": "#0", "cullface": "up"},
				"south": {"uv": [4, 5, 5, 5.75], "rotation": 180, "texture": "#0", "cullface": "up"},
				"west": {"uv": [4, 5, 4.75, 6], "rotation": 270, "texture": "#0", "cullface": "up"},
				"up": {"uv": [4, 5, 5, 6], "texture": "#0", "cullface": "up"}
			}
		},
		{
			"from": [4, 16, 4],
			"to": [6, 16.75, 5],
			"faces": {
				"north": {"uv": [6, 4, 4, 4.75], "texture": "#0", "cullface": "up"},
				"east": {"uv": [5, 4, 5.75, 5], "rotation": 90, "texture": "#0", "cullface": "up"},
				"south": {"uv": [6, 4, 4, 4.75], "rotation": 180, "texture": "#0", "cullface": "up"},
				"west": {"uv": [4, 4, 4.75, 5], "rotation": 270, "texture": "#0", "cullface": "up"},
				"up": {"uv": [4, 4, 6, 5], "texture": "#0", "cullface": "up"}
			}
		},
		{
			"from": [5, 16, 3],
			"to": [8, 16.75, 4],
			"faces": {
				"north": {"uv": [8, 3, 5, 3.75], "texture": "#0", "cullface": "up"},
				"east": {"uv": [5, 3, 5.75, 4], "rotation": 90, "texture": "#0", "cullface": "up"},
				"south": {"uv": [8, 3, 5, 3.75], "rotation": 180, "texture": "#0", "cullface": "up"},
				"west": {"uv": [5, 3, 5.75, 4], "rotation": 270, "texture": "#0", "cullface": "up"},
				"up": {"uv": [5, 3, 8, 4], "texture": "#0", "cullface": "up"}
			}
		},
		{
			"from": [8, 16, 2],
			"to": [10, 16.75, 3],
			"faces": {
				"north": {"uv": [10, 2, 8, 2.75], "texture": "#0", "cullface": "up"},
				"east": {"uv": [9, 2, 9.75, 3], "rotation": 90, "texture": "#0", "cullface": "up"},
				"south": {"uv": [10, 2, 8, 2.75], "rotation": 180, "texture": "#0", "cullface": "up"},
				"west": {"uv": [8, 2, 8.75, 3], "rotation": 270, "texture": "#0", "cullface": "up"},
				"up": {"uv": [8, 2, 10, 3], "texture": "#0", "cullface": "up"}
			}
		},
		{
			"from": [12, 16, 8],
			"to": [14, 16.75, 10],
			"faces": {
				"north": {"uv": [14, 8, 12, 8.75], "texture": "#0", "cullface": "up"},
				"east": {"uv": [13, 8, 13.75, 10], "rotation": 90, "texture": "#0", "cullface": "up"},
				"south": {"uv": [14, 9, 12, 9.75], "rotation": 180, "texture": "#0", "cullface": "up"},
				"west": {"uv": [12, 8, 12.75, 10], "rotation": 270, "texture": "#0", "cullface": "up"},
				"up": {"uv": [12, 8, 14, 10], "texture": "#0", "cullface": "up"}
			}
		},
		{
			"from": [13, 16, 7],
			"to": [15, 16.75, 8],
			"faces": {
				"north": {"uv": [15, 7, 13, 7.75], "texture": "#0", "cullface": "up"},
				"east": {"uv": [14, 7, 14.75, 8], "rotation": 90, "texture": "#0", "cullface": "up"},
				"south": {"uv": [15, 7, 13, 7.75], "rotation": 180, "texture": "#0", "cullface": "up"},
				"west": {"uv": [13, 7, 13.75, 8], "rotation": 270, "texture": "#0", "cullface": "up"},
				"up": {"uv": [13, 7, 15, 8], "texture": "#0", "cullface": "up"}
			}
		},
		{
			"from": [16, 2, 3],
			"to": [16.75, 3, 4],
			"faces": {
				"north": {"uv": [12, 13, 12.75, 14], "texture": "#0", "cullface": "east"},
				"east": {"uv": [12, 13, 13, 14], "texture": "#0", "cullface": "east"},
				"south": {"uv": [12, 13, 12.75, 14], "texture": "#0", "cullface": "east"},
				"up": {"uv": [12, 13, 13, 13.75], "rotation": 90, "texture": "#0", "cullface": "east"},
				"down": {"uv": [12, 13, 13, 13.75], "rotation": 270, "texture": "#0", "cullface": "east"}
			}
		},
		{
			"from": [16, 3, 2],
			"to": [16.75, 4, 3],
			"faces": {
				"north": {"uv": [12, 13, 12.75, 14], "texture": "#0", "cullface": "east"},
				"east": {"uv": [12, 13, 13, 14], "texture": "#0", "cullface": "east"},
				"south": {"uv": [12, 13, 12.75, 14], "texture": "#0", "cullface": "east"},
				"up": {"uv": [12, 13, 13, 13.75], "rotation": 90, "texture": "#0", "cullface": "east"},
				"down": {"uv": [12, 13, 13, 13.75], "rotation": 270, "texture": "#0", "cullface": "east"}
			}
		},
		{
			"from": [16, 3, 6],
			"to": [16.75, 4, 9],
			"faces": {
				"north": {"uv": [9, 12, 9.75, 13], "texture": "#0", "cullface": "east"},
				"east": {"uv": [7, 12, 10, 13], "texture": "#0", "cullface": "east"},
				"south": {"uv": [7, 12, 7.75, 13], "texture": "#0", "cullface": "east"},
				"up": {"uv": [10, 12, 7, 12.75], "rotation": 90, "texture": "#0", "cullface": "east"},
				"down": {"uv": [10, 12, 7, 12.75], "rotation": 270, "texture": "#0", "cullface": "east"}
			}
		},
		{
			"from": [16, 2, 7],
			"to": [16.75, 3, 8],
			"faces": {
				"north": {"uv": [8, 13, 8.75, 14], "texture": "#0", "cullface": "east"},
				"east": {"uv": [8, 13, 9, 14], "texture": "#0", "cullface": "east"},
				"south": {"uv": [8, 13, 8.75, 14], "texture": "#0", "cullface": "east"},
				"down": {"uv": [8, 13, 9, 13.75], "rotation": 270, "texture": "#0", "cullface": "east"}
			}
		},
		{
			"from": [16, 4, 6],
			"to": [16.75, 5, 7],
			"faces": {
				"north": {"uv": [9, 11, 9.75, 12], "texture": "#0", "cullface": "east"},
				"east": {"uv": [9, 11, 10, 12], "texture": "#0", "cullface": "east"},
				"south": {"uv": [9, 11, 9.75, 12], "texture": "#0", "cullface": "east"},
				"up": {"uv": [9, 11, 10, 11.75], "rotation": 90, "texture": "#0", "cullface": "east"}
			}
		},
		{
			"from": [16, 5, 11],
			"to": [16.75, 6, 13],
			"faces": {
				"north": {"uv": [4, 10, 4.75, 11], "texture": "#0", "cullface": "east"},
				"east": {"uv": [3, 10, 5, 11], "texture": "#0", "cullface": "east"},
				"south": {"uv": [3, 10, 3.75, 11], "texture": "#0", "cullface": "east"},
				"up": {"uv": [5, 10, 3, 10.75], "rotation": 90, "texture": "#0", "cullface": "east"},
				"down": {"uv": [5, 10, 3, 10.75], "rotation": 270, "texture": "#0", "cullface": "east"}
			}
		},
		{
			"from": [16, 6, 10],
			"to": [16.75, 8, 12],
			"faces": {
				"north": {"uv": [5, 8, 5.75, 10], "texture": "#0", "cullface": "east"},
				"east": {"uv": [4, 8, 6, 10], "texture": "#0", "cullface": "east"},
				"south": {"uv": [4, 8, 4.75, 10], "texture": "#0", "cullface": "east"},
				"up": {"uv": [6, 8, 4, 8.75], "rotation": 90, "texture": "#0", "cullface": "east"},
				"down": {"uv": [6, 9, 4, 9.75], "rotation": 270, "texture": "#0", "cullface": "east"}
			}
		},
		{
			"from": [16, 9, 6],
			"to": [16.75, 10, 9],
			"faces": {
				"north": {"uv": [9.75, 6, 9, 7], "texture": "#0", "cullface": "east"},
				"east": {"uv": [7, 6, 10, 7], "texture": "#0", "cullface": "east"},
				"south": {"uv": [7, 6, 7.75, 7], "texture": "#0", "cullface": "east"},
				"up": {"uv": [10, 6, 7, 6.75], "rotation": 90, "texture": "#0", "cullface": "east"},
				"down": {"uv": [10, 6, 7, 6.75], "rotation": 270, "texture": "#0", "cullface": "east"}
			}
		},
		{
			"from": [16, 10, 6],
			"to": [16.75, 11, 7],
			"faces": {
				"north": {"uv": [9, 5, 9.75, 6], "texture": "#0", "cullface": "east"},
				"east": {"uv": [9, 5, 10, 6], "texture": "#0", "cullface": "east"},
				"south": {"uv": [9, 5, 9.75, 6], "texture": "#0", "cullface": "east"},
				"up": {"uv": [9, 5, 10, 5.75], "rotation": 90, "texture": "#0", "cullface": "east"}
			}
		},
		{
			"from": [16, 11, 10],
			"to": [16.75, 12, 12],
			"faces": {
				"north": {"uv": [5, 4, 5.75, 5], "texture": "#0", "cullface": "east"},
				"east": {"uv": [4, 4, 6, 5], "texture": "#0", "cullface": "east"},
				"south": {"uv": [4, 4, 4.75, 5], "texture": "#0", "cullface": "east"},
				"up": {"uv": [6, 4, 4, 4.75], "rotation": 90, "texture": "#0", "cullface": "east"},
				"down": {"uv": [6, 4, 4, 4.75], "rotation": 270, "texture": "#0", "cullface": "east"}
			}
		},
		{
			"from": [16, 10, 11],
			"to": [16.75, 11, 12],
			"faces": {
				"north": {"uv": [4, 5, 4.75, 6], "texture": "#0", "cullface": "east"},
				"east": {"uv": [4, 5, 5, 6], "texture": "#0", "cullface": "east"},
				"south": {"uv": [4, 5, 4.75, 6], "texture": "#0", "cullface": "east"},
				"down": {"uv": [4, 5, 5, 5.75], "rotation": 270, "texture": "#0", "cullface": "east"}
			}
		},
		{
			"from": [16, 12, 8],
			"to": [16.75, 13, 11],
			"faces": {
				"north": {"uv": [5, 3, 5.75, 4], "texture": "#0", "cullface": "east"},
				"east": {"uv": [5, 3, 8, 4], "texture": "#0", "cullface": "east"},
				"south": {"uv": [5, 3, 5.75, 4], "texture": "#0", "cullface": "east"},
				"up": {"uv": [8, 3, 5, 3.75], "rotation": 90, "texture": "#0", "cullface": "east"},
				"down": {"uv": [8, 3, 5, 3.75], "rotation": 180, "texture": "#0", "cullface": "east"}
			}
		},
		{
			"from": [16, 13, 6],
			"to": [16.75, 14, 8],
			"faces": {
				"north": {"uv": [9, 2, 9.75, 3], "texture": "#0", "cullface": "east"},
				"east": {"uv": [8, 2, 10, 3], "texture": "#0", "cullface": "east"},
				"south": {"uv": [8, 2, 8.75, 3], "texture": "#0", "cullface": "east"},
				"up": {"uv": [10, 2, 8, 2.75], "rotation": 90, "texture": "#0", "cullface": "east"},
				"down": {"uv": [10, 2, 8, 2.75], "rotation": 270, "texture": "#0", "cullface": "east"}
			}
		},
		{
			"from": [16, 6, 2],
			"to": [16.75, 8, 4],
			"faces": {
				"north": {"uv": [13, 8, 13.75, 10], "texture": "#0", "cullface": "east"},
				"east": {"uv": [12, 8, 14, 10], "texture": "#0", "cullface": "east"},
				"south": {"uv": [12, 8, 12.75, 10], "texture": "#0", "cullface": "east"},
				"up": {"uv": [14, 8, 12, 8.75], "rotation": 90, "texture": "#0", "cullface": "east"},
				"down": {"uv": [14, 9, 12, 9.75], "rotation": 270, "texture": "#0", "cullface": "east"}
			}
		},
		{
			"from": [16, 8, 1],
			"to": [16.75, 9, 3],
			"faces": {
				"north": {"uv": [14, 7, 14.75, 8], "texture": "#0", "cullface": "east"},
				"east": {"uv": [13, 7, 15, 8], "texture": "#0", "cullface": "east"},
				"south": {"uv": [13, 7, 13.75, 8], "texture": "#0", "cullface": "east"},
				"up": {"uv": [15, 7, 13, 7.75], "rotation": 90, "texture": "#0", "cullface": "east"},
				"down": {"uv": [15, 7, 13, 7.75], "rotation": 270, "texture": "#0", "cullface": "east"}
			}
		}
	],
	"display": {
		"thirdperson_righthand": {
			"rotation": [75, 45, 0],
			"translation": [0, 2.5, 0],
			"scale": [0.375, 0.375, 0.375]
		},
		"thirdperson_lefthand": {
			"rotation": [75, 45, 0],
			"translation": [0, 2.5, 0],
			"scale": [0.375, 0.375, 0.375]
		},
		"firstperson_righthand": {
			"rotation": [0, 45, 0],
			"scale": [0.4, 0.4, 0.4]
		},
		"firstperson_lefthand": {
			"rotation": [0, 225, 0],
			"scale": [0.4, 0.4, 0.4]
		},
		"ground": {
			"translation": [0, 3, 0],
			"scale": [0.25, 0.25, 0.25]
		},
		"gui": {
			"rotation": [30, 225, 0],
			"scale": [0.625, 0.625, 0.625]
		},
		"fixed": {
			"scale": [0.5, 0.5, 0.5]
		}
	}
}