{
	"variants": {
        "": [
            { "model": "block/bookshelf/oak/bookshelf1", "weight": 4 },
			{ "model": "block/bookshelf/oak/bookshelf2", "weight": 4 },
			{ "model": "block/bookshelf/oak/bookshelf2", "weight": 4 },
			{ "model": "block/bookshelf/oak/bookshelf4", "weight": 4 },
			{ "model": "block/bookshelf/oak/bookshelf5", "weight": 4 },
			{ "model": "block/bookshelf/oak/bookshelf6", "weight": 4 },
			{ "model": "block/bookshelf/oak/bookshelf7", "weight": 4 },
			{ "model": "block/bookshelf/oak/bookshelf8", "weight": 4 },

			{ "model": "block/bookshelf/birch/bookshelf1", "weight": 2 },
			{ "model": "block/bookshelf/birch/bookshelf2", "weight": 2 },
			{ "model": "block/bookshelf/birch/bookshelf2", "weight": 2 },
			{ "model": "block/bookshelf/birch/bookshelf4", "weight": 2 },
			{ "model": "block/bookshelf/birch/bookshelf5", "weight": 2 },
			{ "model": "block/bookshelf/birch/bookshelf6", "weight": 2 },
			{ "model": "block/bookshelf/birch/bookshelf7", "weight": 2 },
			{ "model": "block/bookshelf/birch/bookshelf8", "weight": 2 },
			
			{ "model": "block/bookshelf/acacia/bookshelf1", "weight": 2 },
			{ "model": "block/bookshelf/acacia/bookshelf2", "weight": 2 },
			{ "model": "block/bookshelf/acacia/bookshelf2", "weight": 2 },
			{ "model": "block/bookshelf/acacia/bookshelf4", "weight": 2 },
			{ "model": "block/bookshelf/acacia/bookshelf5", "weight": 2 },
			{ "model": "block/bookshelf/acacia/bookshelf6", "weight": 2 },
			{ "model": "block/bookshelf/acacia/bookshelf7", "weight": 2 },
			{ "model": "block/bookshelf/acacia/bookshelf8", "weight": 2 },
			
			{ "model": "block/bookshelf/jungle/bookshelf1", "weight": 2 },
			{ "model": "block/bookshelf/jungle/bookshelf2", "weight": 2 },
			{ "model": "block/bookshelf/jungle/bookshelf3", "weight": 2 },
			{ "model": "block/bookshelf/jungle/bookshelf4", "weight": 2 },
			{ "model": "block/bookshelf/jungle/bookshelf5", "weight": 2 },
			{ "model": "block/bookshelf/jungle/bookshelf6", "weight": 2 },
			{ "model": "block/bookshelf/jungle/bookshelf7", "weight": 2 },
			{ "model": "block/bookshelf/jungle/bookshelf8", "weight": 2 }
        ]
    }
}