{
	"variants": {
        "": [
            { "model": "block/mushroom/crimson/crimson_fungus1", "weight": 3 },
			{ "model": "block/mushroom/crimson/crimson_fungus2", "weight": 1 },
			{ "model": "block/mushroom/crimson/crimson_fungus3", "weight": 1 },
			{ "model": "block/mushroom/crimson/crimson_fungus4", "weight": 2 },
			{ "model": "block/mushroom/crimson/crimson_fungus5", "weight": 1 },
			{ "model": "block/mushroom/crimson/crimson_fungus6", "weight": 1 },
			{ "model": "block/mushroom/crimson/crimson_fungus7", "weight": 2 },
			{ "model": "block/mushroom/crimson/crimson_fungus8", "weight": 1 },
			{ "model": "block/mushroom/crimson/crimson_fungus8", "weight": 1 }
        ]
    }
}