{
  "variants": {
	"shape=ascending_north": [
	{"model": "minecraft:block/rail/normal/rail_raised", "weight": 3},
	{"model": "minecraft:block/rail/normal/rail_raised2", "weight": 1}
	],
    "shape=ascending_east": [
	{"model": "minecraft:block/rail/normal/rail_raised","y": 90, "weight": 3},
	{"model": "minecraft:block/rail/normal/rail_raised2","y": 90, "weight": 1}
	],
    "shape=ascending_south": [
	{"model": "minecraft:block/rail/normal/rail_raised","y": 180, "weight": 3},
	{"model": "minecraft:block/rail/normal/rail_raised2","y": 180, "weight": 1}
	],
    "shape=ascending_west": [
	{"model": "minecraft:block/rail/normal/rail_raised","y": 270, "weight": 3},
	{"model": "minecraft:block/rail/normal/rail_raised2","y": 270, "weight": 1}
	],
	
    "shape=east_west": [
	{"model": "minecraft:block/rail/normal/rail","y": 90, "weight": 3},
	{"model": "minecraft:block/rail/normal/rail2","y": 90, "weight": 1}
	],
    "shape=north_south": [
	{"model": "minecraft:block/rail/normal/rail", "weight": 3},
	{"model": "minecraft:block/rail/normal/rail2", "weight": 1}
	],
	
	"shape=south_east": {
      "model": "minecraft:block/rail/normal/rail_corner"
    },
	"shape=south_west": {
      "model": "minecraft:block/rail/normal/rail_corner",
      "y": 90
    },
    "shape=north_west": {
      "model": "minecraft:block/rail/normal/rail_corner",
      "y": 180
    },
	"shape=north_east": {
      "model": "minecraft:block/rail/normal/rail_corner",
      "y": 270
    }
  }
}