{
	"credit": "Made by N0do | GMnodo",
	"textures": {
		"0": "modeltextures/barrel_bottom",
		"1": "modeltextures/barrel_side",
		"2": "modeltextures/barrel_top",
		"3": "modeltextures/barrel_top_open",
		"particle": "modeltextures/barrel_bottom"
	},
	"elements": [
		{
			"from": [0, 0, 0],
			"to": [16, 16, 16],
			"faces": {
				"north": {"uv": [0, 0, 16, 16], "texture": "#1", "cullface": "north"},
				"east": {"uv": [0, 0, 16, 16], "texture": "#1", "cullface": "east"},
				"south": {"uv": [0, 0, 16, 16], "texture": "#1", "cullface": "south"},
				"west": {"uv": [0, 0, 16, 16], "texture": "#1", "cullface": "west"},
				"up": {"uv": [0, 0, 16, 16], "texture": "#3", "cullface": "up"},
				"down": {"uv": [0, 0, 16, 16], "texture": "#0", "cullface": "down"}
			}
		},
		{
			"from": [-0.225, 0, 14.025],
			"to": [0.025, 16, 16.025],
			"rotation": {"angle": 0, "axis": "y", "origin": [-0.1, 8, 7.625]},
			"faces": {
				"north": {"uv": [15, 0, 15.25, 16], "texture": "#1", "cullface": "west"},
				"south": {"uv": [15, 0, 15.25, 16], "texture": "#1", "cullface": "west"},
				"west": {"uv": [14, 0, 16, 16], "texture": "#1", "cullface": "west"},
				"up": {"uv": [14, 0, 16, 0.25], "rotation": 270, "texture": "#1", "cullface": "west"},
				"down": {"uv": [14, 0, 16, 0.25], "rotation": 90, "texture": "#1", "cullface": "west"}
			}
		},
		{
			"from": [15.975, 0, 0.025],
			"to": [16.225, 16, 2.025],
			"rotation": {"angle": 0, "axis": "y", "origin": [16.1, 8, -6.375]},
			"faces": {
				"north": {"uv": [15, 0, 15.25, 16], "texture": "#1", "cullface": "east"},
				"east": {"uv": [14, 0, 16, 16], "texture": "#1", "cullface": "east"},
				"south": {"uv": [15, 0, 15.25, 16], "texture": "#1", "cullface": "east"},
				"up": {"uv": [14, 0, 16, 0.25], "rotation": 270, "texture": "#1", "cullface": "east"},
				"down": {"uv": [14, 0, 16, 0.25], "rotation": 90, "texture": "#1", "cullface": "down"}
			}
		},
		{
			"from": [-0.225, 0, 0.025],
			"to": [0.025, 16, 1.025],
			"rotation": {"angle": 0, "axis": "y", "origin": [-0.1, 8, 7.625]},
			"faces": {
				"north": {"uv": [15, 0, 15.25, 16], "texture": "#1", "cullface": "west"},
				"south": {"uv": [15, 0, 15.25, 16], "texture": "#1", "cullface": "west"},
				"west": {"uv": [0, 0, 1, 16], "texture": "#1", "cullface": "west"},
				"up": {"uv": [14, 0, 16, 0.25], "rotation": 270, "texture": "#1", "cullface": "west"},
				"down": {"uv": [14, 0, 16, 0.25], "rotation": 90, "texture": "#1", "cullface": "west"}
			}
		},
		{
			"from": [15.975, 0, 15.025],
			"to": [16.225, 16, 16.025],
			"rotation": {"angle": 0, "axis": "y", "origin": [16.1, 8, 22.625]},
			"faces": {
				"north": {"uv": [15, 0, 15.25, 16], "texture": "#1", "cullface": "east"},
				"east": {"uv": [0, 0, 1, 16], "texture": "#1", "cullface": "east"},
				"south": {"uv": [15, 0, 15.25, 16], "texture": "#1", "cullface": "east"},
				"up": {"uv": [14, 0, 16, 0.25], "rotation": 270, "texture": "#1", "cullface": "east"},
				"down": {"uv": [14, 0, 16, 0.25], "rotation": 90, "texture": "#1", "cullface": "down"}
			}
		},
		{
			"from": [-0.225, 0, 10.025],
			"to": [0.025, 16, 13.025],
			"rotation": {"angle": 0, "axis": "y", "origin": [-0.1, 8, 7.625]},
			"faces": {
				"north": {"uv": [15, 0, 15.25, 16], "texture": "#1", "cullface": "west"},
				"south": {"uv": [15, 0, 15.25, 16], "texture": "#1", "cullface": "west"},
				"west": {"uv": [10, 0, 13, 16], "texture": "#1", "cullface": "west"},
				"up": {"uv": [14, 0, 16, 0.25], "rotation": 270, "texture": "#1", "cullface": "west"},
				"down": {"uv": [14, 0, 16, 0.25], "rotation": 90, "texture": "#1", "cullface": "west"}
			}
		},
		{
			"from": [15.975, 0, 3.025],
			"to": [16.225, 16, 6.025],
			"rotation": {"angle": 0, "axis": "y", "origin": [16.1, 8, 0.625]},
			"faces": {
				"north": {"uv": [15, 0, 15.25, 16], "texture": "#1", "cullface": "east"},
				"east": {"uv": [10, 0, 13, 16], "texture": "#1", "cullface": "east"},
				"south": {"uv": [15, 0, 15.25, 16], "texture": "#1", "cullface": "east"},
				"up": {"uv": [14, 0, 16, 0.25], "rotation": 270, "texture": "#1", "cullface": "east"},
				"down": {"uv": [14, 0, 16, 0.25], "rotation": 90, "texture": "#1", "cullface": "down"}
			}
		},
		{
			"from": [-0.225, 0, 6.025],
			"to": [0.025, 16, 9.025],
			"rotation": {"angle": 0, "axis": "y", "origin": [-0.1, 8, 7.625]},
			"faces": {
				"north": {"uv": [15, 0, 15.25, 16], "texture": "#1", "cullface": "west"},
				"south": {"uv": [15, 0, 15.25, 16], "texture": "#1", "cullface": "west"},
				"west": {"uv": [6, 0, 9, 16], "texture": "#1", "cullface": "west"},
				"up": {"uv": [14, 0, 16, 0.25], "rotation": 270, "texture": "#1", "cullface": "west"},
				"down": {"uv": [14, 0, 16, 0.25], "rotation": 90, "texture": "#1", "cullface": "west"}
			}
		},
		{
			"from": [15.975, 0, 7.025],
			"to": [16.225, 16, 10.025],
			"rotation": {"angle": 0, "axis": "y", "origin": [16.1, 8, 8.625]},
			"faces": {
				"north": {"uv": [15, 0, 15.25, 16], "texture": "#1", "cullface": "east"},
				"east": {"uv": [6, 0, 9, 16], "texture": "#1", "cullface": "east"},
				"south": {"uv": [15, 0, 15.25, 16], "texture": "#1", "cullface": "east"},
				"up": {"uv": [14, 0, 16, 0.25], "rotation": 270, "texture": "#1", "cullface": "east"},
				"down": {"uv": [14, 0, 16, 0.25], "rotation": 90, "texture": "#1", "cullface": "down"}
			}
		},
		{
			"from": [-0.225, 0, 2.025],
			"to": [0.025, 16, 5.025],
			"rotation": {"angle": 0, "axis": "y", "origin": [-0.1, 8, 7.625]},
			"faces": {
				"north": {"uv": [15, 0, 15.25, 16], "texture": "#1", "cullface": "west"},
				"south": {"uv": [15, 0, 15.25, 16], "texture": "#1", "cullface": "west"},
				"west": {"uv": [2, 0, 5, 16], "texture": "#1", "cullface": "west"},
				"up": {"uv": [14, 0, 16, 0.25], "rotation": 270, "texture": "#1", "cullface": "west"},
				"down": {"uv": [14, 0, 16, 0.25], "rotation": 90, "texture": "#1", "cullface": "west"}
			}
		},
		{
			"from": [15.975, 0, 11.025],
			"to": [16.225, 16, 14.025],
			"rotation": {"angle": 0, "axis": "y", "origin": [16.1, 8, 16.625]},
			"faces": {
				"north": {"uv": [15, 0, 15.25, 16], "texture": "#1", "cullface": "east"},
				"east": {"uv": [2, 0, 5, 16], "texture": "#1", "cullface": "east"},
				"south": {"uv": [15, 0, 15.25, 16], "texture": "#1", "cullface": "east"},
				"up": {"uv": [14, 0, 16, 0.25], "rotation": 270, "texture": "#1", "cullface": "east"},
				"down": {"uv": [14, 0, 16, 0.25], "rotation": 90, "texture": "#1", "cullface": "down"}
			}
		},
		{
			"from": [3.8, 20.2, 4],
			"to": [4.8, 21.2, 12],
			"rotation": {"angle": -45, "axis": "z", "origin": [8.65714, 20.87857, 8.28571]},
			"faces": {
				"north": {"uv": [2, 4, 3, 5], "texture": "#2", "cullface": "up"},
				"south": {"uv": [2, 4, 3, 5], "texture": "#2", "cullface": "up"},
				"west": {"uv": [2, 4, 3, 11], "rotation": 90, "texture": "#2", "cullface": "up"},
				"up": {"uv": [2, 4, 3, 12], "texture": "#2", "cullface": "up"},
				"down": {"uv": [2, 4, 3, 12], "texture": "#2", "cullface": "up"}
			}
		},
		{
			"from": [4.8, 20.2, 3],
			"to": [5.8, 21.2, 13],
			"rotation": {"angle": -45, "axis": "z", "origin": [8.65714, 20.87857, 8.28571]},
			"faces": {
				"north": {"uv": [2, 4, 3, 5], "texture": "#2", "cullface": "up"},
				"south": {"uv": [2, 4, 3, 5], "texture": "#2", "cullface": "up"},
				"west": {"uv": [2, 4, 3, 11], "rotation": 90, "texture": "#2", "cullface": "up"},
				"up": {"uv": [3, 3, 4, 13], "texture": "#2", "cullface": "up"},
				"down": {"uv": [2, 4, 3, 12], "texture": "#2", "cullface": "up"}
			}
		},
		{
			"from": [4.8, 21.2, 8],
			"to": [5.8, 21.45, 10],
			"rotation": {"angle": -45, "axis": "z", "origin": [8.65714, 20.87857, 8.28571]},
			"faces": {
				"north": {"uv": [3, 8, 4, 10], "texture": "#2", "cullface": "up"},
				"south": {"uv": [3, 8, 4, 10], "texture": "#2", "cullface": "up"},
				"west": {"uv": [3, 8, 4, 10], "texture": "#2", "cullface": "up"},
				"up": {"uv": [3, 8, 4, 10], "texture": "#2", "cullface": "up"}
			}
		},
		{
			"from": [5.8, 21.2, 8],
			"to": [6.8, 21.45, 10],
			"rotation": {"angle": -45, "axis": "z", "origin": [8.65714, 20.87857, 8.28571]},
			"faces": {
				"north": {"uv": [4, 8, 5, 8.25], "texture": "#2", "cullface": "up"},
				"east": {"uv": [3, 8, 4, 10], "texture": "#2", "cullface": "up"},
				"south": {"uv": [3, 8, 4, 10], "texture": "#2", "cullface": "up"},
				"up": {"uv": [4, 8, 5, 10], "texture": "#2", "cullface": "up"}
			}
		},
		{
			"from": [5.8, 20.2, 2],
			"to": [13.8, 21.2, 14],
			"rotation": {"angle": -45, "axis": "z", "origin": [8.65714, 20.87857, 8.28571]},
			"faces": {
				"north": {"uv": [2, 4, 3, 5], "texture": "#2", "cullface": "up"},
				"east": {"uv": [2, 4, 3, 12], "rotation": 90, "texture": "#2", "cullface": "up"},
				"south": {"uv": [2, 4, 3, 5], "texture": "#2", "cullface": "up"},
				"west": {"uv": [2, 4, 3, 11], "rotation": 90, "texture": "#2", "cullface": "up"},
				"up": {"uv": [4, 2, 12, 14], "texture": "#2", "cullface": "up"},
				"down": {"uv": [2, 4, 3, 12], "texture": "#2", "cullface": "up"}
			}
		},
		{
			"from": [13.8, 20.2, 3],
			"to": [14.8, 21.2, 13],
			"rotation": {"angle": -45, "axis": "z", "origin": [8.65714, 20.87857, 8.28571]},
			"faces": {
				"north": {"uv": [2, 4, 3, 5], "texture": "#2", "cullface": "up"},
				"east": {"uv": [2, 4, 3, 12], "rotation": 90, "texture": "#2", "cullface": "up"},
				"south": {"uv": [2, 4, 3, 5], "texture": "#2", "cullface": "up"},
				"up": {"uv": [12, 3, 13, 13], "texture": "#2", "cullface": "up"},
				"down": {"uv": [2, 4, 3, 12], "texture": "#2", "cullface": "up"}
			}
		},
		{
			"from": [14.8, 20.2, 4],
			"to": [15.8, 21.2, 12],
			"rotation": {"angle": -45, "axis": "z", "origin": [8.65714, 20.87857, 8.28571]},
			"faces": {
				"north": {"uv": [2, 4, 3, 5], "texture": "#2"},
				"east": {"uv": [2, 4, 3, 12], "rotation": 90, "texture": "#2", "cullface": "up"},
				"south": {"uv": [2, 4, 3, 5], "texture": "#2"},
				"up": {"uv": [13, 4, 14, 12], "texture": "#2", "cullface": "up"},
				"down": {"uv": [2, 4, 3, 12], "texture": "#2", "cullface": "up"}
			}
		},
		{
			"from": [-0.5, 3, -0.5],
			"to": [16.5, 5, 16.5],
			"rotation": {"angle": 0, "axis": "y", "origin": [7, 12, 8]},
			"faces": {
				"north": {"uv": [0, 11, 16, 13], "texture": "#1", "cullface": "north"},
				"east": {"uv": [0, 11, 16, 13], "texture": "#1", "cullface": "east"},
				"south": {"uv": [0, 11, 16, 13], "texture": "#1", "cullface": "south"},
				"west": {"uv": [0, 11, 16, 13], "texture": "#1", "cullface": "west"},
				"up": {"uv": [0, 11, 16, 13], "texture": "#1"},
				"down": {"uv": [0, 11, 16, 13], "texture": "#1"}
			}
		},
		{
			"from": [-0.5, 11, -0.5],
			"to": [16.5, 13, 16.5],
			"rotation": {"angle": 0, "axis": "y", "origin": [7, 20, 8]},
			"faces": {
				"north": {"uv": [0, 11, 16, 13], "texture": "#1", "cullface": "north"},
				"east": {"uv": [0, 11, 16, 13], "texture": "#1", "cullface": "east"},
				"south": {"uv": [0, 11, 16, 13], "texture": "#1", "cullface": "south"},
				"west": {"uv": [0, 11, 16, 13], "texture": "#1", "cullface": "west"},
				"up": {"uv": [0, 11, 16, 13], "texture": "#1"},
				"down": {"uv": [0, 11, 16, 13], "texture": "#1"}
			}
		},
		{
			"from": [0, 0, -0.25],
			"to": [2, 16, 0],
			"rotation": {"angle": 0, "axis": "y", "origin": [8, 8, 7]},
			"faces": {
				"north": {"uv": [14, 0, 16, 16], "texture": "#1", "cullface": "north"},
				"east": {"uv": [15, 0, 15.25, 16], "texture": "#1", "cullface": "north"},
				"west": {"uv": [15, 0, 15.25, 16], "texture": "#1", "cullface": "west"},
				"up": {"uv": [14, 0, 16, 0.25], "texture": "#1", "cullface": "north"},
				"down": {"uv": [14, 0, 16, 0.25], "texture": "#1", "cullface": "down"}
			}
		},
		{
			"from": [0, 0, 16],
			"to": [2, 16, 16.25],
			"rotation": {"angle": 0, "axis": "y", "origin": [8.4, 8, 16.125]},
			"faces": {
				"east": {"uv": [15, 0, 15.25, 16], "texture": "#1", "cullface": "south"},
				"south": {"uv": [14, 0, 16, 16], "texture": "#1", "cullface": "south"},
				"west": {"uv": [15, 0, 15.25, 16], "texture": "#1", "cullface": "west"},
				"up": {"uv": [14, 0, 16, 0.25], "texture": "#1", "cullface": "up"},
				"down": {"uv": [14, 0, 16, 0.25], "texture": "#1", "cullface": "down"}
			}
		},
		{
			"from": [15, 0, -0.25],
			"to": [16, 16, 0],
			"rotation": {"angle": 0, "axis": "y", "origin": [23, 8, 7]},
			"faces": {
				"north": {"uv": [0, 0, 1, 16], "texture": "#1", "cullface": "north"},
				"east": {"uv": [15, 0, 15.25, 16], "texture": "#1", "cullface": "north"},
				"west": {"uv": [15, 0, 15.25, 16], "texture": "#1", "cullface": "north"},
				"up": {"uv": [14, 0, 16, 0.25], "texture": "#1", "cullface": "north"},
				"down": {"uv": [14, 0, 16, 0.25], "texture": "#1", "cullface": "down"}
			}
		},
		{
			"from": [15, 0, 16],
			"to": [16, 16, 16.25],
			"rotation": {"angle": 0, "axis": "y", "origin": [8.4, 8, 16.125]},
			"faces": {
				"east": {"uv": [15, 0, 15.25, 16], "texture": "#1", "cullface": "east"},
				"south": {"uv": [0, 0, 1, 16], "texture": "#1", "cullface": "south"},
				"west": {"uv": [15, 0, 15.25, 16], "texture": "#1", "cullface": "south"},
				"up": {"uv": [14, 0, 16, 0.25], "texture": "#1", "cullface": "up"},
				"down": {"uv": [14, 0, 16, 0.25], "texture": "#1", "cullface": "down"}
			}
		},
		{
			"from": [3, 0, -0.25],
			"to": [6, 16, 0],
			"rotation": {"angle": 0, "axis": "y", "origin": [11, 8, 7]},
			"faces": {
				"north": {"uv": [10, 0, 13, 16], "texture": "#1", "cullface": "north"},
				"east": {"uv": [15, 0, 15.25, 16], "texture": "#1", "cullface": "north"},
				"west": {"uv": [15, 0, 15.25, 16], "texture": "#1", "cullface": "north"},
				"up": {"uv": [14, 0, 16, 0.25], "texture": "#1", "cullface": "north"},
				"down": {"uv": [14, 0, 16, 0.25], "texture": "#1", "cullface": "down"}
			}
		},
		{
			"from": [3, 0, 16],
			"to": [6, 16, 16.25],
			"rotation": {"angle": 0, "axis": "y", "origin": [8.4, 8, 16.125]},
			"faces": {
				"east": {"uv": [15, 0, 15.25, 16], "texture": "#1", "cullface": "south"},
				"south": {"uv": [10, 0, 13, 16], "texture": "#1", "cullface": "south"},
				"west": {"uv": [15, 0, 15.25, 16], "texture": "#1", "cullface": "south"},
				"up": {"uv": [14, 0, 16, 0.25], "texture": "#1", "cullface": "up"},
				"down": {"uv": [14, 0, 16, 0.25], "texture": "#1", "cullface": "down"}
			}
		},
		{
			"from": [7, 0, -0.25],
			"to": [10, 16, 0],
			"rotation": {"angle": 0, "axis": "y", "origin": [15, 8, 7]},
			"faces": {
				"north": {"uv": [6, 0, 9, 16], "texture": "#1", "cullface": "north"},
				"east": {"uv": [15, 0, 15.25, 16], "texture": "#1", "cullface": "north"},
				"west": {"uv": [15, 0, 15.25, 16], "texture": "#1", "cullface": "north"},
				"up": {"uv": [14, 0, 16, 0.25], "texture": "#1", "cullface": "north"},
				"down": {"uv": [14, 0, 16, 0.25], "texture": "#1", "cullface": "down"}
			}
		},
		{
			"from": [7, 0, 16],
			"to": [10, 16, 16.25],
			"rotation": {"angle": 0, "axis": "y", "origin": [8.4, 8, 16.125]},
			"faces": {
				"east": {"uv": [15, 0, 15.25, 16], "texture": "#1", "cullface": "south"},
				"south": {"uv": [6, 0, 9, 16], "texture": "#1", "cullface": "south"},
				"west": {"uv": [15, 0, 15.25, 16], "texture": "#1", "cullface": "south"},
				"up": {"uv": [14, 0, 16, 0.25], "texture": "#1", "cullface": "up"},
				"down": {"uv": [14, 0, 16, 0.25], "texture": "#1", "cullface": "down"}
			}
		},
		{
			"from": [11, 0, -0.25],
			"to": [14, 16, 0],
			"rotation": {"angle": 0, "axis": "y", "origin": [19, 8, 7]},
			"faces": {
				"north": {"uv": [2, 0, 5, 16], "texture": "#1", "cullface": "north"},
				"east": {"uv": [15, 0, 15.25, 16], "texture": "#1", "cullface": "north"},
				"west": {"uv": [15, 0, 15.25, 16], "texture": "#1", "cullface": "north"},
				"up": {"uv": [14, 0, 16, 0.25], "texture": "#1", "cullface": "north"},
				"down": {"uv": [14, 0, 16, 0.25], "texture": "#1", "cullface": "down"}
			}
		},
		{
			"from": [11, 0, 16],
			"to": [14, 16, 16.25],
			"rotation": {"angle": 0, "axis": "y", "origin": [8.4, 8, 16.125]},
			"faces": {
				"east": {"uv": [15, 0, 15.25, 16], "texture": "#1", "cullface": "south"},
				"south": {"uv": [2, 0, 5, 16], "texture": "#1", "cullface": "south"},
				"west": {"uv": [15, 0, 15.25, 16], "texture": "#1", "cullface": "south"},
				"up": {"uv": [14, 0, 16, 0.25], "texture": "#1", "cullface": "up"},
				"down": {"uv": [14, 0, 16, 0.25], "texture": "#1", "cullface": "down"}
			}
		}
	],
	"display": {
		"thirdperson_righthand": {
			"rotation": [75, 45, 0],
			"translation": [0, 2.5, 0],
			"scale": [0.375, 0.375, 0.375]
		},
		"thirdperson_lefthand": {
			"rotation": [75, 45, 0],
			"translation": [0, 2.5, 0],
			"scale": [0.375, 0.375, 0.375]
		},
		"firstperson_righthand": {
			"rotation": [0, 45, 0],
			"scale": [0.4, 0.4, 0.4]
		},
		"firstperson_lefthand": {
			"rotation": [0, 225, 0],
			"scale": [0.4, 0.4, 0.4]
		},
		"ground": {
			"translation": [0, 3, 0],
			"scale": [0.25, 0.25, 0.25]
		},
		"gui": {
			"rotation": [30, 225, 0],
			"scale": [0.625, 0.625, 0.625]
		},
		"fixed": {
			"scale": [0.5, 0.5, 0.5]
		}
	}
}