{
	"credit": "Made by N0do | GMnodo",
	"textures": {
		"0": "modeltextures/ore/deepslate_iron_ore",
		"particle": "modeltextures/ore/deepslate_iron_ore"
	},
	"elements": [
		{
			"from": [0, 0, 0],
			"to": [16, 16, 16],
			"faces": {
				"north": {"uv": [0, 0, 16, 16], "texture": "#0", "cullface": "north"},
				"east": {"uv": [0, 0, 16, 16], "texture": "#0", "cullface": "east"},
				"south": {"uv": [0, 0, 16, 16], "texture": "#0", "cullface": "south"},
				"west": {"uv": [0, 0, 16, 16], "texture": "#0", "cullface": "west"},
				"up": {"uv": [0, 0, 16, 16], "texture": "#0", "cullface": "up"},
				"down": {"uv": [0, 0, 16, 16], "texture": "#0", "cullface": "down"}
			}
		},
		{
			"from": [3, 2, -0.75],
			"to": [7, 3, 0],
			"faces": {
				"north": {"uv": [9, 13, 13, 14], "texture": "#0", "cullface": "north"},
				"east": {"uv": [9, 13, 9.75, 14], "texture": "#0", "cullface": "north"},
				"west": {"uv": [12, 13, 12.75, 14], "texture": "#0", "cullface": "north"},
				"down": {"uv": [9, 13, 13, 14], "rotation": 180, "texture": "#0", "cullface": "north"}
			}
		},
		{
			"from": [9.01842, 2, 16],
			"to": [13.01842, 3, 16.75],
			"rotation": {"angle": 0, "axis": "y", "origin": [8.18421, 7.76316, -0.375]},
			"faces": {
				"east": {"uv": [12, 13, 12.75, 14], "texture": "#0", "cullface": "south"},
				"south": {"uv": [9, 13, 13, 14], "texture": "#0", "cullface": "south"},
				"west": {"uv": [9, 13, 9.75, 14], "texture": "#0", "cullface": "south"},
				"down": {"uv": [9, 13, 13, 14], "texture": "#0", "cullface": "south"}
			}
		},
		{
			"from": [-0.74079, 2, 9.05921],
			"to": [0.00921, 3, 13.05921],
			"rotation": {"angle": 0, "axis": "y", "origin": [7.83421, 7.76316, 16.375]},
			"faces": {
				"north": {"uv": [9, 13, 9.75, 14], "texture": "#0", "cullface": "west"},
				"south": {"uv": [12, 13, 12.75, 14], "texture": "#0", "cullface": "west"},
				"west": {"uv": [9, 13, 13, 14], "texture": "#0", "cullface": "west"},
				"down": {"uv": [9, 13, 13, 14], "rotation": 270, "texture": "#0", "cullface": "west"}
			}
		},
		{
			"from": [15.95921, 2, 2.99079],
			"to": [16.70921, 3, 6.99079],
			"rotation": {"angle": 0, "axis": "y", "origin": [16.58421, 7.76316, 7.875]},
			"faces": {
				"north": {"uv": [12, 13, 12.75, 14], "texture": "#0", "cullface": "east"},
				"east": {"uv": [9, 13, 13, 14], "texture": "#0", "cullface": "east"},
				"south": {"uv": [9, 13, 9.75, 14], "texture": "#0", "cullface": "east"},
				"down": {"uv": [9, 13, 13, 14], "rotation": 90, "texture": "#0", "cullface": "east"}
			}
		},
		{
			"from": [8.96842, 15.88816, 12.98816],
			"to": [12.96842, 16.63816, 13.98816],
			"rotation": {"angle": 0, "axis": "x", "origin": [8.18421, 7.76316, 16.375]},
			"faces": {
				"east": {"uv": [12, 13, 12.75, 14], "rotation": 90, "texture": "#0", "cullface": "up"},
				"south": {"uv": [9, 13, 13, 14], "texture": "#0", "cullface": "up"},
				"west": {"uv": [9, 13, 9.75, 14], "rotation": 270, "texture": "#0", "cullface": "up"},
				"up": {"uv": [9, 13, 13, 14], "texture": "#0", "cullface": "up"}
			}
		},
		{
			"from": [8.96842, -0.61184, 1.96184],
			"to": [12.96842, 0.13816, 2.96184],
			"rotation": {"angle": 0, "axis": "x", "origin": [7.78421, 16.26316, 8.225]},
			"faces": {
				"north": {"uv": [9, 13, 13, 14], "rotation": 180, "texture": "#0", "cullface": "down"},
				"east": {"uv": [12, 13, 12.75, 14], "rotation": 270, "texture": "#0", "cullface": "down"},
				"west": {"uv": [9, 13, 9.75, 14], "rotation": 90, "texture": "#0", "cullface": "down"},
				"down": {"uv": [9, 13, 13, 14], "texture": "#0", "cullface": "down"}
			}
		},
		{
			"from": [3, 4, -0.75],
			"to": [5, 5, 0],
			"faces": {
				"north": {"uv": [11, 11, 13, 12], "texture": "#0", "cullface": "north"},
				"east": {"uv": [11, 11, 11.75, 12], "texture": "#0", "cullface": "north"},
				"west": {"uv": [12, 11, 12.75, 12], "texture": "#0", "cullface": "north"},
				"up": {"uv": [11, 11, 13, 12], "rotation": 180, "texture": "#0", "cullface": "north"}
			}
		},
		{
			"from": [11.01842, 4, 16],
			"to": [13.01842, 5, 16.75],
			"rotation": {"angle": 0, "axis": "y", "origin": [8.18421, 7.76316, -0.375]},
			"faces": {
				"east": {"uv": [12, 11, 12.75, 12], "texture": "#0", "cullface": "south"},
				"south": {"uv": [11, 11, 13, 12], "texture": "#0", "cullface": "south"},
				"west": {"uv": [11, 11, 11.75, 12], "texture": "#0", "cullface": "south"},
				"up": {"uv": [11, 11, 13, 12], "texture": "#0", "cullface": "south"}
			}
		},
		{
			"from": [-0.74079, 4, 11.05921],
			"to": [0.00921, 5, 13.05921],
			"rotation": {"angle": 0, "axis": "y", "origin": [7.83421, 7.76316, 16.375]},
			"faces": {
				"north": {"uv": [11, 11, 11.75, 12], "texture": "#0", "cullface": "west"},
				"south": {"uv": [12, 11, 12.75, 12], "texture": "#0", "cullface": "west"},
				"west": {"uv": [11, 11, 13, 12], "texture": "#0", "cullface": "west"},
				"up": {"uv": [11, 11, 13, 12], "rotation": 90, "texture": "#0", "cullface": "west"}
			}
		},
		{
			"from": [15.95921, 4, 2.99079],
			"to": [16.70921, 5, 4.99079],
			"rotation": {"angle": 0, "axis": "y", "origin": [16.58421, 7.76316, 7.875]},
			"faces": {
				"north": {"uv": [12, 11, 12.75, 12], "texture": "#0", "cullface": "east"},
				"east": {"uv": [11, 11, 13, 12], "texture": "#0", "cullface": "east"},
				"south": {"uv": [11, 11, 11.75, 12], "texture": "#0", "cullface": "east"},
				"up": {"uv": [11, 11, 13, 12], "rotation": 270, "texture": "#0", "cullface": "east"}
			}
		},
		{
			"from": [10.96842, 15.88816, 10.98816],
			"to": [12.96842, 16.63816, 11.98816],
			"rotation": {"angle": 0, "axis": "x", "origin": [8.18421, 7.76316, 16.375]},
			"faces": {
				"north": {"uv": [11, 11, 13, 12], "rotation": 180, "texture": "#0", "cullface": "up"},
				"east": {"uv": [12, 11, 12.75, 12], "rotation": 90, "texture": "#0", "cullface": "up"},
				"west": {"uv": [11, 11, 11.75, 12], "rotation": 270, "texture": "#0", "cullface": "up"},
				"up": {"uv": [11, 11, 13, 12], "texture": "#0", "cullface": "up"}
			}
		},
		{
			"from": [10.96842, -0.61184, 3.96184],
			"to": [12.96842, 0.13816, 4.96184],
			"rotation": {"angle": 0, "axis": "x", "origin": [7.78421, 16.26316, 8.225]},
			"faces": {
				"east": {"uv": [12, 11, 12.75, 12], "rotation": 270, "texture": "#0", "cullface": "down"},
				"south": {"uv": [11, 11, 13, 12], "texture": "#0", "cullface": "down"},
				"west": {"uv": [11, 11, 11.75, 12], "rotation": 90, "texture": "#0", "cullface": "down"},
				"down": {"uv": [11, 11, 13, 12], "texture": "#0", "cullface": "down"}
			}
		},
		{
			"from": [10, 3, -0.75],
			"to": [12, 4, 0],
			"faces": {
				"north": {"uv": [4, 12, 6, 13], "texture": "#0", "cullface": "north"},
				"east": {"uv": [4, 12, 4.75, 13], "texture": "#0", "cullface": "north"},
				"west": {"uv": [5, 12, 5.75, 13], "texture": "#0", "cullface": "north"},
				"up": {"uv": [4, 12, 6, 13], "rotation": 180, "texture": "#0", "cullface": "north"},
				"down": {"uv": [4, 12, 6, 13], "rotation": 180, "texture": "#0", "cullface": "north"}
			}
		},
		{
			"from": [4.01842, 3, 16],
			"to": [6.01842, 4, 16.75],
			"rotation": {"angle": 0, "axis": "y", "origin": [8.18421, 7.76316, -0.375]},
			"faces": {
				"east": {"uv": [5, 12, 5.75, 13], "texture": "#0", "cullface": "south"},
				"south": {"uv": [4, 12, 6, 13], "texture": "#0", "cullface": "south"},
				"west": {"uv": [4, 12, 4.75, 13], "texture": "#0", "cullface": "south"},
				"up": {"uv": [4, 12, 6, 13], "texture": "#0", "cullface": "south"},
				"down": {"uv": [4, 12, 6, 13], "texture": "#0", "cullface": "south"}
			}
		},
		{
			"from": [-0.74079, 3, 4.05921],
			"to": [0.00921, 4, 6.05921],
			"rotation": {"angle": 0, "axis": "y", "origin": [7.83421, 7.76316, 16.375]},
			"faces": {
				"north": {"uv": [4, 12, 4.75, 13], "texture": "#0", "cullface": "west"},
				"south": {"uv": [5, 12, 5.75, 13], "texture": "#0", "cullface": "west"},
				"west": {"uv": [4, 12, 6, 13], "texture": "#0", "cullface": "west"},
				"up": {"uv": [4, 12, 6, 13], "rotation": 90, "texture": "#0", "cullface": "west"},
				"down": {"uv": [4, 12, 6, 13], "rotation": 270, "texture": "#0", "cullface": "west"}
			}
		},
		{
			"from": [15.95921, 3, 9.99079],
			"to": [16.70921, 4, 11.99079],
			"rotation": {"angle": 0, "axis": "y", "origin": [16.58421, 7.76316, 7.875]},
			"faces": {
				"north": {"uv": [5, 12, 5.75, 13], "texture": "#0", "cullface": "east"},
				"east": {"uv": [4, 12, 6, 13], "texture": "#0", "cullface": "east"},
				"south": {"uv": [4, 12, 4.75, 13], "texture": "#0", "cullface": "east"},
				"up": {"uv": [4, 12, 6, 13], "rotation": 270, "texture": "#0", "cullface": "east"},
				"down": {"uv": [4, 12, 6, 13], "rotation": 90, "texture": "#0", "cullface": "east"}
			}
		},
		{
			"from": [3.96842, 15.88816, 11.98816],
			"to": [5.96842, 16.63816, 12.98816],
			"rotation": {"angle": 0, "axis": "x", "origin": [8.18421, 7.76316, 16.375]},
			"faces": {
				"north": {"uv": [4, 12, 6, 13], "rotation": 180, "texture": "#0", "cullface": "up"},
				"east": {"uv": [5, 12, 5.75, 13], "rotation": 90, "texture": "#0", "cullface": "up"},
				"south": {"uv": [4, 12, 6, 13], "texture": "#0", "cullface": "up"},
				"west": {"uv": [4, 12, 4.75, 13], "rotation": 270, "texture": "#0", "cullface": "up"},
				"up": {"uv": [4, 12, 6, 13], "texture": "#0", "cullface": "up"}
			}
		},
		{
			"from": [3.96842, -0.61184, 2.96184],
			"to": [5.96842, 0.13816, 3.96184],
			"rotation": {"angle": 0, "axis": "x", "origin": [7.78421, 16.26316, 8.225]},
			"faces": {
				"north": {"uv": [4, 12, 6, 13], "rotation": 180, "texture": "#0", "cullface": "down"},
				"east": {"uv": [5, 12, 5.75, 13], "rotation": 270, "texture": "#0", "cullface": "down"},
				"south": {"uv": [4, 12, 6, 13], "texture": "#0", "cullface": "down"},
				"west": {"uv": [4, 12, 4.75, 13], "rotation": 90, "texture": "#0", "cullface": "down"},
				"down": {"uv": [4, 12, 6, 13], "texture": "#0", "cullface": "down"}
			}
		},
		{
			"from": [10, 5, -0.75],
			"to": [12, 6, 0],
			"faces": {
				"north": {"uv": [4, 10, 6, 11], "texture": "#0", "cullface": "north"},
				"east": {"uv": [4, 10, 4.75, 11], "texture": "#0", "cullface": "north"},
				"west": {"uv": [5, 10, 5.75, 11], "texture": "#0", "cullface": "north"},
				"down": {"uv": [4, 10, 6, 11], "rotation": 180, "texture": "#0", "cullface": "north"}
			}
		},
		{
			"from": [4.01842, 5, 16],
			"to": [6.01842, 6, 16.75],
			"rotation": {"angle": 0, "axis": "y", "origin": [8.18421, 7.76316, -0.375]},
			"faces": {
				"east": {"uv": [5, 10, 5.75, 11], "texture": "#0", "cullface": "south"},
				"south": {"uv": [4, 10, 6, 11], "texture": "#0", "cullface": "south"},
				"west": {"uv": [4, 10, 4.75, 11], "texture": "#0", "cullface": "south"},
				"down": {"uv": [4, 10, 6, 11], "texture": "#0", "cullface": "south"}
			}
		},
		{
			"from": [-0.74079, 5, 4.05921],
			"to": [0.00921, 6, 6.05921],
			"rotation": {"angle": 0, "axis": "y", "origin": [7.83421, 7.76316, 16.375]},
			"faces": {
				"north": {"uv": [4, 10, 4.75, 11], "texture": "#0", "cullface": "west"},
				"south": {"uv": [5, 10, 5.75, 11], "texture": "#0", "cullface": "west"},
				"west": {"uv": [4, 10, 6, 11], "texture": "#0", "cullface": "west"},
				"down": {"uv": [4, 10, 6, 11], "rotation": 270, "texture": "#0", "cullface": "west"}
			}
		},
		{
			"from": [15.95921, 5, 9.99079],
			"to": [16.70921, 6, 11.99079],
			"rotation": {"angle": 0, "axis": "y", "origin": [16.58421, 7.76316, 7.875]},
			"faces": {
				"north": {"uv": [5, 10, 5.75, 11], "texture": "#0", "cullface": "east"},
				"east": {"uv": [4, 10, 6, 11], "texture": "#0", "cullface": "east"},
				"south": {"uv": [4, 10, 4.75, 11], "texture": "#0", "cullface": "east"},
				"down": {"uv": [4, 10, 6, 11], "rotation": 90, "texture": "#0", "cullface": "east"}
			}
		},
		{
			"from": [3.96842, 15.88816, 9.98816],
			"to": [5.96842, 16.63816, 10.98816],
			"rotation": {"angle": 0, "axis": "x", "origin": [8.18421, 7.76316, 16.375]},
			"faces": {
				"east": {"uv": [5, 10, 5.75, 11], "rotation": 90, "texture": "#0", "cullface": "up"},
				"south": {"uv": [4, 10, 6, 11], "texture": "#0", "cullface": "up"},
				"west": {"uv": [4, 10, 4.75, 11], "rotation": 270, "texture": "#0", "cullface": "up"},
				"up": {"uv": [4, 10, 6, 11], "texture": "#0", "cullface": "up"}
			}
		},
		{
			"from": [3.96842, -0.61184, 4.96184],
			"to": [5.96842, 0.13816, 5.96184],
			"rotation": {"angle": 0, "axis": "x", "origin": [7.78421, 16.26316, 8.225]},
			"faces": {
				"north": {"uv": [4, 10, 6, 11], "rotation": 180, "texture": "#0", "cullface": "down"},
				"east": {"uv": [5, 10, 5.75, 11], "rotation": 270, "texture": "#0", "cullface": "down"},
				"west": {"uv": [4, 10, 4.75, 11], "rotation": 90, "texture": "#0", "cullface": "down"},
				"down": {"uv": [4, 10, 6, 11], "texture": "#0", "cullface": "down"}
			}
		},
		{
			"from": [11, 7, -0.75],
			"to": [13, 8, 0],
			"faces": {
				"north": {"uv": [3, 8, 5, 9], "texture": "#0", "cullface": "north"},
				"east": {"uv": [3, 8, 3.75, 9], "texture": "#0", "cullface": "north"},
				"west": {"uv": [4, 8, 4.75, 9], "texture": "#0", "cullface": "north"},
				"up": {"uv": [3, 8, 5, 9], "rotation": 180, "texture": "#0", "cullface": "north"}
			}
		},
		{
			"from": [3.01842, 7, 16],
			"to": [5.01842, 8, 16.75],
			"rotation": {"angle": 0, "axis": "y", "origin": [8.18421, 7.76316, -0.375]},
			"faces": {
				"east": {"uv": [4, 8, 4.75, 9], "texture": "#0", "cullface": "south"},
				"south": {"uv": [3, 8, 5, 9], "texture": "#0", "cullface": "south"},
				"west": {"uv": [3, 8, 3.75, 9], "texture": "#0", "cullface": "south"},
				"up": {"uv": [3, 8, 5, 9], "texture": "#0", "cullface": "south"}
			}
		},
		{
			"from": [-0.74079, 7, 3.05921],
			"to": [0.00921, 8, 5.05921],
			"rotation": {"angle": 0, "axis": "y", "origin": [7.83421, 7.76316, 16.375]},
			"faces": {
				"north": {"uv": [3, 8, 3.75, 9], "texture": "#0", "cullface": "west"},
				"south": {"uv": [4, 8, 4.75, 9], "texture": "#0", "cullface": "west"},
				"west": {"uv": [3, 8, 5, 9], "texture": "#0", "cullface": "west"},
				"up": {"uv": [3, 8, 5, 9], "rotation": 90, "texture": "#0", "cullface": "west"}
			}
		},
		{
			"from": [15.95921, 7, 10.99079],
			"to": [16.70921, 8, 12.99079],
			"rotation": {"angle": 0, "axis": "y", "origin": [16.58421, 7.76316, 7.875]},
			"faces": {
				"north": {"uv": [4, 8, 4.75, 9], "texture": "#0", "cullface": "east"},
				"east": {"uv": [3, 8, 5, 9], "texture": "#0", "cullface": "east"},
				"south": {"uv": [3, 8, 3.75, 9], "texture": "#0", "cullface": "east"},
				"up": {"uv": [3, 8, 5, 9], "rotation": 270, "texture": "#0", "cullface": "east"}
			}
		},
		{
			"from": [2.96842, 15.88816, 7.98816],
			"to": [4.96842, 16.63816, 8.98816],
			"rotation": {"angle": 0, "axis": "x", "origin": [8.18421, 7.76316, 16.375]},
			"faces": {
				"north": {"uv": [3, 8, 5, 9], "rotation": 180, "texture": "#0", "cullface": "up"},
				"east": {"uv": [4, 8, 4.75, 9], "rotation": 90, "texture": "#0", "cullface": "up"},
				"west": {"uv": [3, 8, 3.75, 9], "rotation": 270, "texture": "#0", "cullface": "up"},
				"up": {"uv": [3, 8, 5, 9], "texture": "#0", "cullface": "up"}
			}
		},
		{
			"from": [2.96842, -0.61184, 6.96184],
			"to": [4.96842, 0.13816, 7.96184],
			"rotation": {"angle": 0, "axis": "x", "origin": [7.78421, 16.26316, 8.225]},
			"faces": {
				"east": {"uv": [4, 8, 4.75, 9], "rotation": 270, "texture": "#0", "cullface": "down"},
				"south": {"uv": [3, 8, 5, 9], "texture": "#0", "cullface": "down"},
				"west": {"uv": [3, 8, 3.75, 9], "rotation": 90, "texture": "#0", "cullface": "down"},
				"down": {"uv": [3, 8, 5, 9], "texture": "#0", "cullface": "down"}
			}
		},
		{
			"from": [4, 6, -0.75],
			"to": [6, 7, 0],
			"faces": {
				"north": {"uv": [10, 9, 12, 10], "texture": "#0", "cullface": "north"},
				"east": {"uv": [10, 9, 10.75, 10], "texture": "#0", "cullface": "north"},
				"west": {"uv": [11, 9, 11.75, 10], "texture": "#0", "cullface": "north"},
				"down": {"uv": [10, 9, 12, 10], "rotation": 180, "texture": "#0", "cullface": "north"}
			}
		},
		{
			"from": [10.01842, 6, 16],
			"to": [12.01842, 7, 16.75],
			"rotation": {"angle": 0, "axis": "y", "origin": [8.18421, 7.76316, -0.375]},
			"faces": {
				"east": {"uv": [11, 9, 11.75, 10], "texture": "#0", "cullface": "south"},
				"south": {"uv": [10, 9, 12, 10], "texture": "#0", "cullface": "south"},
				"west": {"uv": [10, 9, 10.75, 10], "texture": "#0", "cullface": "south"},
				"down": {"uv": [10, 9, 12, 10], "texture": "#0", "cullface": "south"}
			}
		},
		{
			"from": [-0.74079, 6, 10.05921],
			"to": [0.00921, 7, 12.05921],
			"rotation": {"angle": 0, "axis": "y", "origin": [7.83421, 7.76316, 16.375]},
			"faces": {
				"north": {"uv": [10, 9, 10.75, 10], "texture": "#0", "cullface": "west"},
				"south": {"uv": [11, 9, 11.75, 10], "texture": "#0", "cullface": "west"},
				"west": {"uv": [10, 9, 12, 10], "texture": "#0", "cullface": "west"},
				"down": {"uv": [10, 9, 12, 10], "rotation": 270, "texture": "#0", "cullface": "west"}
			}
		},
		{
			"from": [15.95921, 6, 3.99079],
			"to": [16.70921, 7, 5.99079],
			"rotation": {"angle": 0, "axis": "y", "origin": [16.58421, 7.76316, 7.875]},
			"faces": {
				"north": {"uv": [11, 9, 11.75, 10], "texture": "#0", "cullface": "east"},
				"east": {"uv": [10, 9, 12, 10], "texture": "#0", "cullface": "east"},
				"south": {"uv": [10, 9, 10.75, 10], "texture": "#0", "cullface": "east"},
				"down": {"uv": [10, 9, 12, 10], "rotation": 90, "texture": "#0", "cullface": "east"}
			}
		},
		{
			"from": [9.96842, 15.88816, 8.98816],
			"to": [11.96842, 16.63816, 9.98816],
			"rotation": {"angle": 0, "axis": "x", "origin": [8.18421, 7.76316, 16.375]},
			"faces": {
				"east": {"uv": [11, 9, 11.75, 10], "rotation": 90, "texture": "#0", "cullface": "up"},
				"south": {"uv": [10, 9, 12, 10], "texture": "#0", "cullface": "up"},
				"west": {"uv": [10, 9, 10.75, 10], "rotation": 270, "texture": "#0", "cullface": "up"},
				"up": {"uv": [10, 9, 12, 10], "texture": "#0", "cullface": "up"}
			}
		},
		{
			"from": [9.96842, -0.61184, 5.96184],
			"to": [11.96842, 0.13816, 6.96184],
			"rotation": {"angle": 0, "axis": "x", "origin": [7.78421, 16.26316, 8.225]},
			"faces": {
				"north": {"uv": [10, 9, 12, 10], "rotation": 180, "texture": "#0", "cullface": "down"},
				"east": {"uv": [11, 9, 11.75, 10], "rotation": 270, "texture": "#0", "cullface": "down"},
				"west": {"uv": [10, 9, 10.75, 10], "rotation": 90, "texture": "#0", "cullface": "down"},
				"down": {"uv": [10, 9, 12, 10], "texture": "#0", "cullface": "down"}
			}
		},
		{
			"from": [1, 10, -0.75],
			"to": [3, 11, 0],
			"faces": {
				"north": {"uv": [13, 5, 15, 6], "texture": "#0", "cullface": "north"},
				"east": {"uv": [13, 5, 13.75, 6], "texture": "#0", "cullface": "north"},
				"west": {"uv": [14, 5, 14.75, 6], "texture": "#0", "cullface": "north"},
				"up": {"uv": [13, 5, 15, 6], "rotation": 180, "texture": "#0", "cullface": "north"},
				"down": {"uv": [13, 5, 15, 6], "rotation": 180, "texture": "#0", "cullface": "north"}
			}
		},
		{
			"from": [13.01842, 10, 16],
			"to": [15.01842, 11, 16.75],
			"rotation": {"angle": 0, "axis": "y", "origin": [8.18421, 7.76316, -0.375]},
			"faces": {
				"east": {"uv": [14, 5, 14.75, 6], "texture": "#0", "cullface": "south"},
				"south": {"uv": [13, 5, 15, 6], "texture": "#0", "cullface": "south"},
				"west": {"uv": [13, 5, 13.75, 6], "texture": "#0", "cullface": "south"},
				"up": {"uv": [13, 5, 15, 6], "texture": "#0", "cullface": "south"},
				"down": {"uv": [13, 5, 15, 6], "texture": "#0", "cullface": "south"}
			}
		},
		{
			"from": [-0.74079, 10, 13.05921],
			"to": [0.00921, 11, 15.05921],
			"rotation": {"angle": 0, "axis": "y", "origin": [7.83421, 7.76316, 16.375]},
			"faces": {
				"north": {"uv": [13, 5, 13.75, 6], "texture": "#0", "cullface": "west"},
				"south": {"uv": [14, 5, 14.75, 6], "texture": "#0", "cullface": "west"},
				"west": {"uv": [13, 5, 15, 6], "texture": "#0", "cullface": "west"},
				"up": {"uv": [13, 5, 15, 6], "rotation": 90, "texture": "#0", "cullface": "west"},
				"down": {"uv": [13, 5, 15, 6], "rotation": 270, "texture": "#0", "cullface": "west"}
			}
		},
		{
			"from": [15.95921, 10, 0.99079],
			"to": [16.70921, 11, 2.99079],
			"rotation": {"angle": 0, "axis": "y", "origin": [16.58421, 7.76316, 7.875]},
			"faces": {
				"north": {"uv": [14, 5, 14.75, 6], "texture": "#0", "cullface": "east"},
				"east": {"uv": [13, 5, 15, 6], "texture": "#0", "cullface": "east"},
				"south": {"uv": [13, 5, 13.75, 6], "texture": "#0", "cullface": "east"},
				"up": {"uv": [13, 5, 15, 6], "rotation": 270, "texture": "#0", "cullface": "east"},
				"down": {"uv": [13, 5, 15, 6], "rotation": 90, "texture": "#0", "cullface": "east"}
			}
		},
		{
			"from": [12.96842, 15.88816, 4.98816],
			"to": [14.96842, 16.63816, 5.98816],
			"rotation": {"angle": 0, "axis": "x", "origin": [8.18421, 7.76316, 16.375]},
			"faces": {
				"north": {"uv": [13, 5, 15, 6], "rotation": 180, "texture": "#0", "cullface": "up"},
				"east": {"uv": [14, 5, 14.75, 6], "rotation": 90, "texture": "#0", "cullface": "up"},
				"south": {"uv": [13, 5, 15, 6], "texture": "#0", "cullface": "up"},
				"west": {"uv": [13, 5, 13.75, 6], "rotation": 270, "texture": "#0", "cullface": "up"},
				"up": {"uv": [13, 5, 15, 6], "texture": "#0", "cullface": "up"}
			}
		},
		{
			"from": [12.96842, -0.61184, 9.96184],
			"to": [14.96842, 0.13816, 10.96184],
			"rotation": {"angle": 0, "axis": "x", "origin": [7.78421, 16.26316, 8.225]},
			"faces": {
				"north": {"uv": [13, 5, 15, 6], "rotation": 180, "texture": "#0", "cullface": "down"},
				"east": {"uv": [14, 5, 14.75, 6], "rotation": 270, "texture": "#0", "cullface": "down"},
				"south": {"uv": [13, 5, 15, 6], "texture": "#0", "cullface": "down"},
				"west": {"uv": [13, 5, 13.75, 6], "rotation": 90, "texture": "#0", "cullface": "down"},
				"down": {"uv": [13, 5, 15, 6], "texture": "#0", "cullface": "down"}
			}
		},
		{
			"from": [7, 9, -0.75],
			"to": [10, 10, 0],
			"faces": {
				"north": {"uv": [6, 6, 9, 7], "texture": "#0", "cullface": "north"},
				"east": {"uv": [6, 6, 6.75, 7], "texture": "#0", "cullface": "north"},
				"west": {"uv": [8, 6, 8.75, 7], "texture": "#0", "cullface": "north"},
				"down": {"uv": [6, 6, 9, 7], "rotation": 180, "texture": "#0", "cullface": "north"}
			}
		},
		{
			"from": [6.01842, 9, 16],
			"to": [9.01842, 10, 16.75],
			"rotation": {"angle": 0, "axis": "y", "origin": [8.18421, 7.76316, -0.375]},
			"faces": {
				"east": {"uv": [8, 6, 8.75, 7], "texture": "#0", "cullface": "south"},
				"south": {"uv": [6, 6, 9, 7], "texture": "#0", "cullface": "south"},
				"west": {"uv": [6, 6, 6.75, 7], "texture": "#0", "cullface": "south"},
				"down": {"uv": [6, 6, 9, 7], "texture": "#0", "cullface": "south"}
			}
		},
		{
			"from": [-0.74079, 9, 6.05921],
			"to": [0.00921, 10, 9.05921],
			"rotation": {"angle": 0, "axis": "y", "origin": [7.83421, 7.76316, 16.375]},
			"faces": {
				"north": {"uv": [6, 6, 6.75, 7], "texture": "#0", "cullface": "west"},
				"south": {"uv": [8, 6, 8.75, 7], "texture": "#0", "cullface": "west"},
				"west": {"uv": [6, 6, 9, 7], "texture": "#0", "cullface": "west"},
				"down": {"uv": [6, 6, 9, 7], "rotation": 270, "texture": "#0", "cullface": "west"}
			}
		},
		{
			"from": [15.95921, 9, 6.99079],
			"to": [16.70921, 10, 9.99079],
			"rotation": {"angle": 0, "axis": "y", "origin": [16.58421, 7.76316, 7.875]},
			"faces": {
				"north": {"uv": [8, 6, 8.75, 7], "texture": "#0", "cullface": "east"},
				"east": {"uv": [6, 6, 9, 7], "texture": "#0", "cullface": "east"},
				"south": {"uv": [6, 6, 6.75, 7], "texture": "#0", "cullface": "east"},
				"down": {"uv": [6, 6, 9, 7], "rotation": 90, "texture": "#0", "cullface": "east"}
			}
		},
		{
			"from": [5.96842, 15.88816, 5.98816],
			"to": [8.96842, 16.63816, 6.98816],
			"rotation": {"angle": 0, "axis": "x", "origin": [8.18421, 7.76316, 16.375]},
			"faces": {
				"east": {"uv": [8, 6, 8.75, 7], "rotation": 90, "texture": "#0", "cullface": "up"},
				"south": {"uv": [6, 6, 9, 7], "texture": "#0", "cullface": "up"},
				"west": {"uv": [6, 6, 6.75, 7], "rotation": 270, "texture": "#0", "cullface": "up"},
				"up": {"uv": [6, 6, 9, 7], "texture": "#0", "cullface": "up"}
			}
		},
		{
			"from": [5.96842, -0.61184, 8.96184],
			"to": [8.96842, 0.13816, 9.96184],
			"rotation": {"angle": 0, "axis": "x", "origin": [7.78421, 16.26316, 8.225]},
			"faces": {
				"north": {"uv": [6, 6, 9, 7], "rotation": 180, "texture": "#0", "cullface": "down"},
				"east": {"uv": [8, 6, 8.75, 7], "rotation": 270, "texture": "#0", "cullface": "down"},
				"west": {"uv": [6, 6, 6.75, 7], "rotation": 90, "texture": "#0", "cullface": "down"},
				"down": {"uv": [6, 6, 9, 7], "texture": "#0", "cullface": "down"}
			}
		},
		{
			"from": [12, 12, -0.75],
			"to": [15, 13, 0],
			"faces": {
				"north": {"uv": [1, 3, 4, 4], "texture": "#0", "cullface": "north"},
				"east": {"uv": [1, 3, 1.75, 4], "texture": "#0", "cullface": "north"},
				"west": {"uv": [3, 3, 3.75, 4], "texture": "#0", "cullface": "north"},
				"up": {"uv": [1, 3, 4, 4], "rotation": 180, "texture": "#0", "cullface": "north"},
				"down": {"uv": [1, 3, 4, 4], "rotation": 180, "texture": "#0", "cullface": "north"}
			}
		},
		{
			"from": [1.01842, 12, 16],
			"to": [4.01842, 13, 16.75],
			"rotation": {"angle": 0, "axis": "y", "origin": [8.18421, 7.76316, -0.375]},
			"faces": {
				"east": {"uv": [3, 3, 3.75, 4], "texture": "#0", "cullface": "south"},
				"south": {"uv": [1, 3, 4, 4], "texture": "#0", "cullface": "south"},
				"west": {"uv": [1, 3, 1.75, 4], "texture": "#0", "cullface": "south"},
				"up": {"uv": [1, 3, 4, 4], "texture": "#0", "cullface": "south"},
				"down": {"uv": [1, 3, 4, 4], "texture": "#0", "cullface": "south"}
			}
		},
		{
			"from": [-0.74079, 12, 1.05921],
			"to": [0.00921, 13, 4.05921],
			"rotation": {"angle": 0, "axis": "y", "origin": [7.83421, 7.76316, 16.375]},
			"faces": {
				"north": {"uv": [1, 3, 1.75, 4], "texture": "#0", "cullface": "west"},
				"south": {"uv": [3, 3, 3.75, 4], "texture": "#0", "cullface": "west"},
				"west": {"uv": [1, 3, 4, 4], "texture": "#0", "cullface": "west"},
				"up": {"uv": [1, 3, 4, 4], "rotation": 90, "texture": "#0", "cullface": "west"},
				"down": {"uv": [1, 3, 4, 4], "rotation": 270, "texture": "#0", "cullface": "west"}
			}
		},
		{
			"from": [15.95921, 12, 11.99079],
			"to": [16.70921, 13, 14.99079],
			"rotation": {"angle": 0, "axis": "y", "origin": [16.58421, 7.76316, 7.875]},
			"faces": {
				"north": {"uv": [3, 3, 3.75, 4], "texture": "#0", "cullface": "east"},
				"east": {"uv": [1, 3, 4, 4], "texture": "#0", "cullface": "east"},
				"south": {"uv": [1, 3, 1.75, 4], "texture": "#0", "cullface": "east"},
				"up": {"uv": [1, 3, 4, 4], "rotation": 270, "texture": "#0", "cullface": "east"},
				"down": {"uv": [1, 3, 4, 4], "rotation": 90, "texture": "#0", "cullface": "east"}
			}
		},
		{
			"from": [0.96842, 15.88816, 2.98816],
			"to": [3.96842, 16.63816, 3.98816],
			"rotation": {"angle": 0, "axis": "x", "origin": [8.18421, 7.76316, 16.375]},
			"faces": {
				"north": {"uv": [1, 3, 4, 4], "rotation": 180, "texture": "#0", "cullface": "up"},
				"east": {"uv": [3, 3, 3.75, 4], "rotation": 90, "texture": "#0", "cullface": "up"},
				"south": {"uv": [1, 3, 4, 4], "texture": "#0", "cullface": "up"},
				"west": {"uv": [1, 3, 1.75, 4], "rotation": 270, "texture": "#0", "cullface": "up"},
				"up": {"uv": [1, 3, 4, 4], "texture": "#0", "cullface": "up"}
			}
		},
		{
			"from": [0.96842, -0.61184, 11.96184],
			"to": [3.96842, 0.13816, 12.96184],
			"rotation": {"angle": 0, "axis": "x", "origin": [7.78421, 16.26316, 8.225]},
			"faces": {
				"north": {"uv": [1, 3, 4, 4], "rotation": 180, "texture": "#0", "cullface": "down"},
				"east": {"uv": [3, 3, 3.75, 4], "rotation": 270, "texture": "#0", "cullface": "down"},
				"south": {"uv": [1, 3, 4, 4], "texture": "#0", "cullface": "down"},
				"west": {"uv": [1, 3, 1.75, 4], "rotation": 90, "texture": "#0", "cullface": "down"},
				"down": {"uv": [1, 3, 4, 4], "texture": "#0", "cullface": "down"}
			}
		},
		{
			"from": [11, 13, -0.75],
			"to": [14, 14, 0],
			"faces": {
				"north": {"uv": [2, 2, 5, 3], "texture": "#0", "cullface": "north"},
				"east": {"uv": [2, 2, 2.75, 3], "texture": "#0", "cullface": "north"},
				"west": {"uv": [4, 2, 4.75, 3], "texture": "#0", "cullface": "north"},
				"up": {"uv": [2, 2, 5, 3], "rotation": 180, "texture": "#0", "cullface": "north"},
				"down": {"uv": [2, 2, 5, 3], "rotation": 180, "texture": "#0", "cullface": "north"}
			}
		},
		{
			"from": [2.01842, 13, 16],
			"to": [5.01842, 14, 16.75],
			"rotation": {"angle": 0, "axis": "y", "origin": [8.18421, 7.76316, -0.375]},
			"faces": {
				"east": {"uv": [4, 2, 4.75, 3], "texture": "#0", "cullface": "south"},
				"south": {"uv": [2, 2, 5, 3], "texture": "#0", "cullface": "south"},
				"west": {"uv": [2, 2, 2.75, 3], "texture": "#0", "cullface": "south"},
				"up": {"uv": [2, 2, 5, 3], "texture": "#0", "cullface": "south"},
				"down": {"uv": [2, 2, 5, 3], "texture": "#0", "cullface": "south"}
			}
		},
		{
			"from": [-0.74079, 13, 2.05921],
			"to": [0.00921, 14, 5.05921],
			"rotation": {"angle": 0, "axis": "y", "origin": [7.83421, 7.76316, 16.375]},
			"faces": {
				"north": {"uv": [2, 2, 2.75, 3], "texture": "#0", "cullface": "west"},
				"south": {"uv": [4, 2, 4.75, 3], "texture": "#0", "cullface": "west"},
				"west": {"uv": [2, 2, 5, 3], "texture": "#0", "cullface": "west"},
				"up": {"uv": [2, 2, 5, 3], "rotation": 90, "texture": "#0", "cullface": "west"},
				"down": {"uv": [2, 2, 5, 3], "rotation": 270, "texture": "#0", "cullface": "west"}
			}
		},
		{
			"from": [15.95921, 13, 10.99079],
			"to": [16.70921, 14, 13.99079],
			"rotation": {"angle": 0, "axis": "y", "origin": [16.58421, 7.76316, 7.875]},
			"faces": {
				"north": {"uv": [4, 2, 4.75, 3], "texture": "#0", "cullface": "east"},
				"east": {"uv": [2, 2, 5, 3], "texture": "#0", "cullface": "east"},
				"south": {"uv": [2, 2, 2.75, 3], "texture": "#0", "cullface": "east"},
				"up": {"uv": [2, 2, 5, 3], "rotation": 270, "texture": "#0", "cullface": "east"},
				"down": {"uv": [2, 2, 5, 3], "rotation": 90, "texture": "#0", "cullface": "east"}
			}
		},
		{
			"from": [1.96842, 15.88816, 1.98816],
			"to": [4.96842, 16.63816, 2.98816],
			"rotation": {"angle": 0, "axis": "x", "origin": [8.18421, 7.76316, 16.375]},
			"faces": {
				"north": {"uv": [2, 2, 5, 3], "rotation": 180, "texture": "#0", "cullface": "up"},
				"east": {"uv": [4, 2, 4.75, 3], "rotation": 90, "texture": "#0", "cullface": "up"},
				"south": {"uv": [2, 2, 5, 3], "texture": "#0", "cullface": "up"},
				"west": {"uv": [2, 2, 2.75, 3], "rotation": 270, "texture": "#0", "cullface": "up"},
				"up": {"uv": [2, 2, 5, 3], "texture": "#0", "cullface": "up"}
			}
		},
		{
			"from": [1.96842, -0.61184, 12.96184],
			"to": [4.96842, 0.13816, 13.96184],
			"rotation": {"angle": 0, "axis": "x", "origin": [7.78421, 16.26316, 8.225]},
			"faces": {
				"north": {"uv": [2, 2, 5, 3], "rotation": 180, "texture": "#0", "cullface": "down"},
				"east": {"uv": [4, 2, 4.75, 3], "rotation": 270, "texture": "#0", "cullface": "down"},
				"south": {"uv": [2, 2, 5, 3], "texture": "#0", "cullface": "down"},
				"west": {"uv": [2, 2, 2.75, 3], "rotation": 90, "texture": "#0", "cullface": "down"},
				"down": {"uv": [2, 2, 5, 3], "texture": "#0", "cullface": "down"}
			}
		},
		{
			"from": [3, 13, -0.75],
			"to": [5, 14, 0],
			"faces": {
				"north": {"uv": [11, 2, 13, 3], "texture": "#0", "cullface": "north"},
				"east": {"uv": [11, 2, 11.75, 3], "texture": "#0", "cullface": "north"},
				"west": {"uv": [12, 2, 12.75, 3], "texture": "#0", "cullface": "north"},
				"down": {"uv": [11, 2, 13, 3], "rotation": 180, "texture": "#0", "cullface": "north"}
			}
		},
		{
			"from": [11.01842, 13, 16],
			"to": [13.01842, 14, 16.75],
			"rotation": {"angle": 0, "axis": "y", "origin": [8.18421, 7.76316, -0.375]},
			"faces": {
				"east": {"uv": [12, 2, 12.75, 3], "texture": "#0", "cullface": "south"},
				"south": {"uv": [11, 2, 13, 3], "texture": "#0", "cullface": "south"},
				"west": {"uv": [11, 2, 11.75, 3], "texture": "#0", "cullface": "south"},
				"down": {"uv": [11, 2, 13, 3], "texture": "#0", "cullface": "south"}
			}
		},
		{
			"from": [-0.74079, 13, 11.05921],
			"to": [0.00921, 14, 13.05921],
			"rotation": {"angle": 0, "axis": "y", "origin": [7.83421, 7.76316, 16.375]},
			"faces": {
				"north": {"uv": [11, 2, 11.75, 3], "texture": "#0", "cullface": "west"},
				"south": {"uv": [12, 2, 12.75, 3], "texture": "#0", "cullface": "west"},
				"west": {"uv": [11, 2, 13, 3], "texture": "#0", "cullface": "west"},
				"down": {"uv": [11, 2, 13, 3], "rotation": 270, "texture": "#0", "cullface": "west"}
			}
		},
		{
			"from": [15.95921, 13, 2.99079],
			"to": [16.70921, 14, 4.99079],
			"rotation": {"angle": 0, "axis": "y", "origin": [16.58421, 7.76316, 7.875]},
			"faces": {
				"north": {"uv": [12, 2, 12.75, 3], "texture": "#0", "cullface": "east"},
				"east": {"uv": [11, 2, 13, 3], "texture": "#0", "cullface": "east"},
				"south": {"uv": [11, 2, 11.75, 3], "texture": "#0", "cullface": "east"},
				"down": {"uv": [11, 2, 13, 3], "rotation": 90, "texture": "#0", "cullface": "east"}
			}
		},
		{
			"from": [10.96842, 15.88816, 1.98816],
			"to": [12.96842, 16.63816, 2.98816],
			"rotation": {"angle": 0, "axis": "x", "origin": [8.18421, 7.76316, 16.375]},
			"faces": {
				"east": {"uv": [12, 2, 12.75, 3], "rotation": 90, "texture": "#0", "cullface": "up"},
				"south": {"uv": [11, 2, 13, 3], "texture": "#0", "cullface": "up"},
				"west": {"uv": [11, 2, 11.75, 3], "rotation": 270, "texture": "#0", "cullface": "up"},
				"up": {"uv": [11, 2, 13, 3], "texture": "#0", "cullface": "up"}
			}
		},
		{
			"from": [10.96842, -0.61184, 12.96184],
			"to": [12.96842, 0.13816, 13.96184],
			"rotation": {"angle": 0, "axis": "x", "origin": [7.78421, 16.26316, 8.225]},
			"faces": {
				"north": {"uv": [11, 2, 13, 3], "rotation": 180, "texture": "#0", "cullface": "down"},
				"east": {"uv": [12, 2, 12.75, 3], "rotation": 270, "texture": "#0", "cullface": "down"},
				"west": {"uv": [11, 2, 11.75, 3], "rotation": 90, "texture": "#0", "cullface": "down"},
				"down": {"uv": [11, 2, 13, 3], "texture": "#0", "cullface": "down"}
			}
		},
		{
			"from": [2, 14, -0.75],
			"to": [6, 15, 0],
			"faces": {
				"north": {"uv": [10, 1, 14, 2], "texture": "#0", "cullface": "north"},
				"east": {"uv": [10, 1, 10.75, 2], "texture": "#0", "cullface": "north"},
				"west": {"uv": [13, 1, 13.75, 2], "texture": "#0", "cullface": "north"},
				"up": {"uv": [10, 1, 14, 2], "rotation": 180, "texture": "#0", "cullface": "north"},
				"down": {"uv": [10, 1, 14, 2], "rotation": 180, "texture": "#0", "cullface": "north"}
			}
		},
		{
			"from": [10.01842, 14, 16],
			"to": [14.01842, 15, 16.75],
			"rotation": {"angle": 0, "axis": "y", "origin": [8.18421, 7.76316, -0.375]},
			"faces": {
				"east": {"uv": [13, 1, 13.75, 2], "texture": "#0", "cullface": "south"},
				"south": {"uv": [10, 1, 14, 2], "texture": "#0", "cullface": "south"},
				"west": {"uv": [10, 1, 10.75, 2], "texture": "#0", "cullface": "south"},
				"up": {"uv": [10, 1, 14, 2], "texture": "#0", "cullface": "south"},
				"down": {"uv": [10, 1, 14, 2], "texture": "#0", "cullface": "south"}
			}
		},
		{
			"from": [-0.74079, 14, 10.05921],
			"to": [0.00921, 15, 14.05921],
			"rotation": {"angle": 0, "axis": "y", "origin": [7.83421, 7.76316, 16.375]},
			"faces": {
				"north": {"uv": [10, 1, 10.75, 2], "texture": "#0", "cullface": "west"},
				"south": {"uv": [13, 1, 13.75, 2], "texture": "#0", "cullface": "west"},
				"west": {"uv": [10, 1, 14, 2], "texture": "#0", "cullface": "west"},
				"up": {"uv": [10, 1, 14, 2], "rotation": 90, "texture": "#0", "cullface": "west"},
				"down": {"uv": [10, 1, 14, 2], "rotation": 270, "texture": "#0", "cullface": "west"}
			}
		},
		{
			"from": [15.95921, 14, 1.99079],
			"to": [16.70921, 15, 5.99079],
			"rotation": {"angle": 0, "axis": "y", "origin": [16.58421, 7.76316, 7.875]},
			"faces": {
				"north": {"uv": [13, 1, 13.75, 2], "texture": "#0", "cullface": "east"},
				"east": {"uv": [10, 1, 14, 2], "texture": "#0", "cullface": "east"},
				"south": {"uv": [10, 1, 10.75, 2], "texture": "#0", "cullface": "east"},
				"up": {"uv": [10, 1, 14, 2], "rotation": 270, "texture": "#0", "cullface": "east"},
				"down": {"uv": [10, 1, 14, 2], "rotation": 90, "texture": "#0", "cullface": "east"}
			}
		},
		{
			"from": [9.96842, 15.88816, 0.98816],
			"to": [13.96842, 16.63816, 1.98816],
			"rotation": {"angle": 0, "axis": "x", "origin": [8.18421, 7.76316, 16.375]},
			"faces": {
				"north": {"uv": [10, 1, 14, 2], "rotation": 180, "texture": "#0", "cullface": "up"},
				"east": {"uv": [13, 1, 13.75, 2], "rotation": 90, "texture": "#0", "cullface": "up"},
				"south": {"uv": [10, 1, 14, 2], "texture": "#0", "cullface": "up"},
				"west": {"uv": [10, 1, 10.75, 2], "rotation": 270, "texture": "#0", "cullface": "up"},
				"up": {"uv": [10, 1, 14, 2], "texture": "#0", "cullface": "up"}
			}
		},
		{
			"from": [9.96842, -0.61184, 13.96184],
			"to": [13.96842, 0.13816, 14.96184],
			"rotation": {"angle": 0, "axis": "x", "origin": [7.78421, 16.26316, 8.225]},
			"faces": {
				"north": {"uv": [10, 1, 14, 2], "rotation": 180, "texture": "#0", "cullface": "down"},
				"east": {"uv": [13, 1, 13.75, 2], "rotation": 270, "texture": "#0", "cullface": "down"},
				"south": {"uv": [10, 1, 14, 2], "texture": "#0", "cullface": "down"},
				"west": {"uv": [10, 1, 10.75, 2], "rotation": 90, "texture": "#0", "cullface": "down"},
				"down": {"uv": [10, 1, 14, 2], "texture": "#0", "cullface": "down"}
			}
		},
		{
			"from": [4, 11, -0.75],
			"to": [9, 12, 0],
			"faces": {
				"north": {"uv": [7, 4, 12, 5], "texture": "#0", "cullface": "north"},
				"east": {"uv": [7, 4, 7.75, 5], "texture": "#0", "cullface": "north"},
				"west": {"uv": [11, 4, 11.75, 5], "texture": "#0", "cullface": "north"},
				"up": {"uv": [7, 4, 12, 5], "rotation": 180, "texture": "#0", "cullface": "north"},
				"down": {"uv": [7, 4, 12, 5], "rotation": 180, "texture": "#0", "cullface": "north"}
			}
		},
		{
			"from": [7.01842, 11, 16],
			"to": [12.01842, 12, 16.75],
			"rotation": {"angle": 0, "axis": "y", "origin": [8.18421, 7.76316, -0.375]},
			"faces": {
				"east": {"uv": [11, 4, 11.75, 5], "texture": "#0", "cullface": "south"},
				"south": {"uv": [7, 4, 12, 5], "texture": "#0", "cullface": "south"},
				"west": {"uv": [7, 4, 7.75, 5], "texture": "#0", "cullface": "south"},
				"up": {"uv": [7, 4, 12, 5], "texture": "#0", "cullface": "south"},
				"down": {"uv": [7, 4, 12, 5], "texture": "#0", "cullface": "south"}
			}
		},
		{
			"from": [-0.74079, 11, 7.05921],
			"to": [0.00921, 12, 12.05921],
			"rotation": {"angle": 0, "axis": "y", "origin": [7.83421, 7.76316, 16.375]},
			"faces": {
				"north": {"uv": [7, 4, 7.75, 5], "texture": "#0", "cullface": "west"},
				"south": {"uv": [11, 4, 11.75, 5], "texture": "#0", "cullface": "west"},
				"west": {"uv": [7, 4, 12, 5], "texture": "#0", "cullface": "west"},
				"up": {"uv": [7, 4, 12, 5], "rotation": 90, "texture": "#0", "cullface": "west"},
				"down": {"uv": [7, 4, 12, 5], "rotation": 270, "texture": "#0", "cullface": "west"}
			}
		},
		{
			"from": [15.95921, 11, 3.99079],
			"to": [16.70921, 12, 8.99079],
			"rotation": {"angle": 0, "axis": "y", "origin": [16.58421, 7.76316, 7.875]},
			"faces": {
				"north": {"uv": [11, 4, 11.75, 5], "texture": "#0", "cullface": "east"},
				"east": {"uv": [7, 4, 12, 5], "texture": "#0", "cullface": "east"},
				"south": {"uv": [7, 4, 7.75, 5], "texture": "#0", "cullface": "east"},
				"up": {"uv": [7, 4, 12, 5], "rotation": 270, "texture": "#0", "cullface": "east"},
				"down": {"uv": [7, 4, 12, 5], "rotation": 90, "texture": "#0", "cullface": "east"}
			}
		},
		{
			"from": [6.96842, 15.88816, 3.98816],
			"to": [11.96842, 16.63816, 4.98816],
			"rotation": {"angle": 0, "axis": "x", "origin": [8.18421, 7.76316, 16.375]},
			"faces": {
				"north": {"uv": [7, 4, 12, 5], "rotation": 180, "texture": "#0", "cullface": "up"},
				"east": {"uv": [11, 4, 11.75, 5], "rotation": 90, "texture": "#0", "cullface": "up"},
				"south": {"uv": [7, 4, 12, 5], "texture": "#0", "cullface": "up"},
				"west": {"uv": [7, 4, 7.75, 5], "rotation": 270, "texture": "#0", "cullface": "up"},
				"up": {"uv": [7, 4, 12, 5], "texture": "#0", "cullface": "up"}
			}
		},
		{
			"from": [6.96842, -0.61184, 10.96184],
			"to": [11.96842, 0.13816, 11.96184],
			"rotation": {"angle": 0, "axis": "x", "origin": [7.78421, 16.26316, 8.225]},
			"faces": {
				"north": {"uv": [7, 4, 12, 5], "rotation": 180, "texture": "#0", "cullface": "down"},
				"east": {"uv": [11, 4, 11.75, 5], "rotation": 270, "texture": "#0", "cullface": "down"},
				"south": {"uv": [7, 4, 12, 5], "texture": "#0", "cullface": "down"},
				"west": {"uv": [7, 4, 7.75, 5], "rotation": 90, "texture": "#0", "cullface": "down"},
				"down": {"uv": [7, 4, 12, 5], "texture": "#0", "cullface": "down"}
			}
		},
		{
			"from": [5, 10, -0.75],
			"to": [12, 11, 0],
			"faces": {
				"north": {"uv": [4, 5, 11, 6], "texture": "#0", "cullface": "north"},
				"east": {"uv": [4, 5, 4.75, 6], "texture": "#0", "cullface": "north"},
				"west": {"uv": [10, 5, 10.75, 6], "texture": "#0", "cullface": "north"},
				"up": {"uv": [4, 5, 11, 6], "rotation": 180, "texture": "#0", "cullface": "north"},
				"down": {"uv": [4, 5, 11, 6], "rotation": 180, "texture": "#0", "cullface": "north"}
			}
		},
		{
			"from": [4.01842, 10, 16],
			"to": [11.01842, 11, 16.75],
			"rotation": {"angle": 0, "axis": "y", "origin": [8.18421, 7.76316, -0.375]},
			"faces": {
				"east": {"uv": [10, 5, 10.75, 6], "texture": "#0", "cullface": "south"},
				"south": {"uv": [4, 5, 11, 6], "texture": "#0", "cullface": "south"},
				"west": {"uv": [4, 5, 4.75, 6], "texture": "#0", "cullface": "south"},
				"up": {"uv": [4, 5, 11, 6], "texture": "#0", "cullface": "south"},
				"down": {"uv": [4, 5, 11, 6], "texture": "#0", "cullface": "south"}
			}
		},
		{
			"from": [-0.74079, 10, 4.05921],
			"to": [0.00921, 11, 11.05921],
			"rotation": {"angle": 0, "axis": "y", "origin": [7.83421, 7.76316, 16.375]},
			"faces": {
				"north": {"uv": [4, 5, 4.75, 6], "texture": "#0", "cullface": "west"},
				"south": {"uv": [10, 5, 10.75, 6], "texture": "#0", "cullface": "west"},
				"west": {"uv": [4, 5, 11, 6], "texture": "#0", "cullface": "west"},
				"up": {"uv": [4, 5, 11, 6], "rotation": 90, "texture": "#0", "cullface": "west"},
				"down": {"uv": [4, 5, 11, 6], "rotation": 270, "texture": "#0", "cullface": "west"}
			}
		},
		{
			"from": [15.95921, 10, 4.99079],
			"to": [16.70921, 11, 11.99079],
			"rotation": {"angle": 0, "axis": "y", "origin": [16.58421, 7.76316, 7.875]},
			"faces": {
				"north": {"uv": [10, 5, 10.75, 6], "texture": "#0", "cullface": "east"},
				"east": {"uv": [4, 5, 11, 6], "texture": "#0", "cullface": "east"},
				"south": {"uv": [4, 5, 4.75, 6], "texture": "#0", "cullface": "east"},
				"up": {"uv": [4, 5, 11, 6], "rotation": 270, "texture": "#0", "cullface": "east"},
				"down": {"uv": [4, 5, 11, 6], "rotation": 90, "texture": "#0", "cullface": "east"}
			}
		},
		{
			"from": [3.96842, 15.88816, 4.98816],
			"to": [10.96842, 16.63816, 5.98816],
			"rotation": {"angle": 0, "axis": "x", "origin": [8.18421, 7.76316, 16.375]},
			"faces": {
				"north": {"uv": [4, 5, 11, 6], "rotation": 180, "texture": "#0", "cullface": "up"},
				"east": {"uv": [10, 5, 10.75, 6], "rotation": 90, "texture": "#0", "cullface": "up"},
				"south": {"uv": [4, 5, 11, 6], "texture": "#0", "cullface": "up"},
				"west": {"uv": [4, 5, 4.75, 6], "rotation": 270, "texture": "#0", "cullface": "up"},
				"up": {"uv": [4, 5, 11, 6], "texture": "#0", "cullface": "up"}
			}
		},
		{
			"from": [3.96842, -0.61184, 9.96184],
			"to": [10.96842, 0.13816, 10.96184],
			"rotation": {"angle": 0, "axis": "x", "origin": [7.78421, 16.26316, 8.225]},
			"faces": {
				"north": {"uv": [4, 5, 11, 6], "rotation": 180, "texture": "#0", "cullface": "down"},
				"east": {"uv": [10, 5, 10.75, 6], "rotation": 270, "texture": "#0", "cullface": "down"},
				"south": {"uv": [4, 5, 11, 6], "texture": "#0", "cullface": "down"},
				"west": {"uv": [4, 5, 4.75, 6], "rotation": 90, "texture": "#0", "cullface": "down"},
				"down": {"uv": [4, 5, 11, 6], "texture": "#0", "cullface": "down"}
			}
		},
		{
			"from": [3, 7, -0.75],
			"to": [7, 8, 0],
			"faces": {
				"north": {"uv": [9, 8, 13, 9], "texture": "#0", "cullface": "north"},
				"east": {"uv": [9, 8, 9.75, 9], "texture": "#0", "cullface": "north"},
				"west": {"uv": [12, 8, 12.75, 9], "texture": "#0", "cullface": "north"},
				"up": {"uv": [9, 8, 13, 9], "rotation": 180, "texture": "#0", "cullface": "north"},
				"down": {"uv": [9, 8, 13, 9], "rotation": 180, "texture": "#0", "cullface": "north"}
			}
		},
		{
			"from": [9.01842, 7, 16],
			"to": [13.01842, 8, 16.75],
			"rotation": {"angle": 0, "axis": "y", "origin": [8.18421, 7.76316, -0.375]},
			"faces": {
				"east": {"uv": [12, 8, 12.75, 9], "texture": "#0", "cullface": "south"},
				"south": {"uv": [9, 8, 13, 9], "texture": "#0", "cullface": "south"},
				"west": {"uv": [9, 8, 9.75, 9], "texture": "#0", "cullface": "south"},
				"up": {"uv": [9, 8, 13, 9], "texture": "#0", "cullface": "south"},
				"down": {"uv": [9, 8, 13, 9], "texture": "#0", "cullface": "south"}
			}
		},
		{
			"from": [-0.74079, 7, 9.05921],
			"to": [0.00921, 8, 13.05921],
			"rotation": {"angle": 0, "axis": "y", "origin": [7.83421, 7.76316, 16.375]},
			"faces": {
				"north": {"uv": [9, 8, 9.75, 9], "texture": "#0", "cullface": "west"},
				"south": {"uv": [12, 8, 12.75, 9], "texture": "#0", "cullface": "west"},
				"west": {"uv": [9, 8, 13, 9], "texture": "#0", "cullface": "west"},
				"up": {"uv": [9, 8, 13, 9], "rotation": 90, "texture": "#0", "cullface": "west"},
				"down": {"uv": [9, 8, 13, 9], "rotation": 270, "texture": "#0", "cullface": "west"}
			}
		},
		{
			"from": [15.95921, 7, 2.99079],
			"to": [16.70921, 8, 6.99079],
			"rotation": {"angle": 0, "axis": "y", "origin": [16.58421, 7.76316, 7.875]},
			"faces": {
				"north": {"uv": [12, 8, 12.75, 9], "texture": "#0", "cullface": "east"},
				"east": {"uv": [9, 8, 13, 9], "texture": "#0", "cullface": "east"},
				"south": {"uv": [9, 8, 9.75, 9], "texture": "#0", "cullface": "east"},
				"up": {"uv": [9, 8, 13, 9], "rotation": 270, "texture": "#0", "cullface": "east"},
				"down": {"uv": [9, 8, 13, 9], "rotation": 90, "texture": "#0", "cullface": "east"}
			}
		},
		{
			"from": [8.96842, 15.88816, 7.98816],
			"to": [12.96842, 16.63816, 8.98816],
			"rotation": {"angle": 0, "axis": "x", "origin": [8.18421, 7.76316, 16.375]},
			"faces": {
				"north": {"uv": [9, 8, 13, 9], "rotation": 180, "texture": "#0", "cullface": "up"},
				"east": {"uv": [12, 8, 12.75, 9], "rotation": 90, "texture": "#0", "cullface": "up"},
				"south": {"uv": [9, 8, 13, 9], "texture": "#0", "cullface": "up"},
				"west": {"uv": [9, 8, 9.75, 9], "rotation": 270, "texture": "#0", "cullface": "up"},
				"up": {"uv": [9, 8, 13, 9], "texture": "#0", "cullface": "up"}
			}
		},
		{
			"from": [8.96842, -0.61184, 6.96184],
			"to": [12.96842, 0.13816, 7.96184],
			"rotation": {"angle": 0, "axis": "x", "origin": [7.78421, 16.26316, 8.225]},
			"faces": {
				"north": {"uv": [9, 8, 13, 9], "rotation": 180, "texture": "#0", "cullface": "down"},
				"east": {"uv": [12, 8, 12.75, 9], "rotation": 270, "texture": "#0", "cullface": "down"},
				"south": {"uv": [9, 8, 13, 9], "texture": "#0", "cullface": "down"},
				"west": {"uv": [9, 8, 9.75, 9], "rotation": 90, "texture": "#0", "cullface": "down"},
				"down": {"uv": [9, 8, 13, 9], "texture": "#0", "cullface": "down"}
			}
		},
		{
			"from": [9, 6, -0.75],
			"to": [14, 7, 0],
			"faces": {
				"north": {"uv": [2, 9, 7, 10], "texture": "#0", "cullface": "north"},
				"east": {"uv": [2, 9, 2.75, 10], "texture": "#0", "cullface": "north"},
				"west": {"uv": [6, 9, 6.75, 10], "texture": "#0", "cullface": "north"},
				"up": {"uv": [2, 9, 7, 10], "rotation": 180, "texture": "#0", "cullface": "north"},
				"down": {"uv": [2, 9, 7, 10], "rotation": 180, "texture": "#0", "cullface": "north"}
			}
		},
		{
			"from": [2.01842, 6, 16],
			"to": [7.01842, 7, 16.75],
			"rotation": {"angle": 0, "axis": "y", "origin": [8.18421, 7.76316, -0.375]},
			"faces": {
				"east": {"uv": [6, 9, 6.75, 10], "texture": "#0", "cullface": "south"},
				"south": {"uv": [2, 9, 7, 10], "texture": "#0", "cullface": "south"},
				"west": {"uv": [2, 9, 2.75, 10], "texture": "#0", "cullface": "south"},
				"up": {"uv": [2, 9, 7, 10], "texture": "#0", "cullface": "south"},
				"down": {"uv": [2, 9, 7, 10], "texture": "#0", "cullface": "south"}
			}
		},
		{
			"from": [-0.74079, 6, 2.05921],
			"to": [0.00921, 7, 7.05921],
			"rotation": {"angle": 0, "axis": "y", "origin": [7.83421, 7.76316, 16.375]},
			"faces": {
				"north": {"uv": [2, 9, 2.75, 10], "texture": "#0", "cullface": "west"},
				"south": {"uv": [6, 9, 6.75, 10], "texture": "#0", "cullface": "west"},
				"west": {"uv": [2, 9, 7, 10], "texture": "#0", "cullface": "west"},
				"up": {"uv": [2, 9, 7, 10], "rotation": 90, "texture": "#0", "cullface": "west"},
				"down": {"uv": [2, 9, 7, 10], "rotation": 270, "texture": "#0", "cullface": "west"}
			}
		},
		{
			"from": [15.95921, 6, 8.99079],
			"to": [16.70921, 7, 13.99079],
			"rotation": {"angle": 0, "axis": "y", "origin": [16.58421, 7.76316, 7.875]},
			"faces": {
				"north": {"uv": [6, 9, 6.75, 10], "texture": "#0", "cullface": "east"},
				"east": {"uv": [2, 9, 7, 10], "texture": "#0", "cullface": "east"},
				"south": {"uv": [2, 9, 2.75, 10], "texture": "#0", "cullface": "east"},
				"up": {"uv": [2, 9, 7, 10], "rotation": 270, "texture": "#0", "cullface": "east"},
				"down": {"uv": [2, 9, 7, 10], "rotation": 90, "texture": "#0", "cullface": "east"}
			}
		},
		{
			"from": [1.96842, 15.88816, 8.98816],
			"to": [6.96842, 16.63816, 9.98816],
			"rotation": {"angle": 0, "axis": "x", "origin": [8.18421, 7.76316, 16.375]},
			"faces": {
				"north": {"uv": [2, 9, 7, 10], "rotation": 180, "texture": "#0", "cullface": "up"},
				"east": {"uv": [6, 9, 6.75, 10], "rotation": 90, "texture": "#0", "cullface": "up"},
				"south": {"uv": [2, 9, 7, 10], "texture": "#0", "cullface": "up"},
				"west": {"uv": [2, 9, 2.75, 10], "rotation": 270, "texture": "#0", "cullface": "up"},
				"up": {"uv": [2, 9, 7, 10], "texture": "#0", "cullface": "up"}
			}
		},
		{
			"from": [1.96842, -0.61184, 5.96184],
			"to": [6.96842, 0.13816, 6.96184],
			"rotation": {"angle": 0, "axis": "x", "origin": [7.78421, 16.26316, 8.225]},
			"faces": {
				"north": {"uv": [2, 9, 7, 10], "rotation": 180, "texture": "#0", "cullface": "down"},
				"east": {"uv": [6, 9, 6.75, 10], "rotation": 270, "texture": "#0", "cullface": "down"},
				"south": {"uv": [2, 9, 7, 10], "texture": "#0", "cullface": "down"},
				"west": {"uv": [2, 9, 2.75, 10], "rotation": 90, "texture": "#0", "cullface": "down"},
				"down": {"uv": [2, 9, 7, 10], "texture": "#0", "cullface": "down"}
			}
		},
		{
			"from": [12, 1, -0.75],
			"to": [14, 2, 0],
			"faces": {
				"north": {"uv": [2, 14, 4, 15], "texture": "#0", "cullface": "north"},
				"east": {"uv": [2, 14, 2.75, 15], "texture": "#0", "cullface": "north"},
				"west": {"uv": [3, 14, 3.75, 15], "texture": "#0", "cullface": "north"},
				"up": {"uv": [2, 14, 4, 15], "rotation": 180, "texture": "#0", "cullface": "north"},
				"down": {"uv": [2, 14, 4, 15], "rotation": 180, "texture": "#0", "cullface": "north"}
			}
		},
		{
			"from": [2.01842, 1, 16],
			"to": [4.01842, 2, 16.75],
			"rotation": {"angle": 0, "axis": "y", "origin": [8.18421, 7.76316, -0.375]},
			"faces": {
				"east": {"uv": [3, 14, 3.75, 15], "texture": "#0", "cullface": "south"},
				"south": {"uv": [2, 14, 4, 15], "texture": "#0", "cullface": "south"},
				"west": {"uv": [2, 14, 2.75, 15], "texture": "#0", "cullface": "south"},
				"up": {"uv": [2, 14, 4, 15], "texture": "#0", "cullface": "south"},
				"down": {"uv": [2, 14, 4, 15], "texture": "#0", "cullface": "south"}
			}
		},
		{
			"from": [-0.74079, 1, 2.05921],
			"to": [0.00921, 2, 4.05921],
			"rotation": {"angle": 0, "axis": "y", "origin": [7.83421, 7.76316, 16.375]},
			"faces": {
				"north": {"uv": [2, 14, 2.75, 15], "texture": "#0", "cullface": "west"},
				"south": {"uv": [3, 14, 3.75, 15], "texture": "#0", "cullface": "west"},
				"west": {"uv": [2, 14, 4, 15], "texture": "#0", "cullface": "west"},
				"up": {"uv": [2, 14, 4, 15], "rotation": 90, "texture": "#0", "cullface": "west"},
				"down": {"uv": [2, 14, 4, 15], "rotation": 270, "texture": "#0", "cullface": "west"}
			}
		},
		{
			"from": [15.95921, 1, 11.99079],
			"to": [16.70921, 2, 13.99079],
			"rotation": {"angle": 0, "axis": "y", "origin": [16.58421, 7.76316, 7.875]},
			"faces": {
				"north": {"uv": [3, 14, 3.75, 15], "texture": "#0", "cullface": "east"},
				"east": {"uv": [2, 14, 4, 15], "texture": "#0", "cullface": "east"},
				"south": {"uv": [2, 14, 2.75, 15], "texture": "#0", "cullface": "east"},
				"up": {"uv": [2, 14, 4, 15], "rotation": 270, "texture": "#0", "cullface": "east"},
				"down": {"uv": [2, 14, 4, 15], "rotation": 90, "texture": "#0", "cullface": "east"}
			}
		},
		{
			"from": [1.96842, 15.88816, 13.98816],
			"to": [3.96842, 16.63816, 14.98816],
			"rotation": {"angle": 0, "axis": "x", "origin": [8.18421, 7.76316, 16.375]},
			"faces": {
				"north": {"uv": [2, 14, 4, 15], "rotation": 180, "texture": "#0", "cullface": "up"},
				"east": {"uv": [3, 14, 3.75, 15], "rotation": 90, "texture": "#0", "cullface": "up"},
				"south": {"uv": [2, 14, 4, 15], "texture": "#0", "cullface": "up"},
				"west": {"uv": [2, 14, 2.75, 15], "rotation": 270, "texture": "#0", "cullface": "up"},
				"up": {"uv": [2, 14, 4, 15], "texture": "#0", "cullface": "up"}
			}
		},
		{
			"from": [1.96842, -0.61184, 0.96184],
			"to": [3.96842, 0.13816, 1.96184],
			"rotation": {"angle": 0, "axis": "x", "origin": [7.78421, 16.26316, 8.225]},
			"faces": {
				"north": {"uv": [2, 14, 4, 15], "rotation": 180, "texture": "#0", "cullface": "down"},
				"east": {"uv": [3, 14, 3.75, 15], "rotation": 270, "texture": "#0", "cullface": "down"},
				"south": {"uv": [2, 14, 4, 15], "texture": "#0", "cullface": "down"},
				"west": {"uv": [2, 14, 2.75, 15], "rotation": 90, "texture": "#0", "cullface": "down"},
				"down": {"uv": [2, 14, 4, 15], "texture": "#0", "cullface": "down"}
			}
		},
		{
			"from": [13, 2, -0.75],
			"to": [15, 3, 0],
			"faces": {
				"north": {"uv": [1, 13, 3, 14], "texture": "#0", "cullface": "north"},
				"east": {"uv": [1, 13, 1.75, 14], "texture": "#0", "cullface": "north"},
				"west": {"uv": [2, 13, 2.75, 14], "texture": "#0", "cullface": "north"},
				"up": {"uv": [1, 13, 3, 14], "rotation": 180, "texture": "#0", "cullface": "north"},
				"down": {"uv": [1, 13, 3, 14], "rotation": 180, "texture": "#0", "cullface": "north"}
			}
		},
		{
			"from": [1.01842, 2, 16],
			"to": [3.01842, 3, 16.75],
			"rotation": {"angle": 0, "axis": "y", "origin": [8.18421, 7.76316, -0.375]},
			"faces": {
				"east": {"uv": [2, 13, 2.75, 14], "texture": "#0", "cullface": "south"},
				"south": {"uv": [1, 13, 3, 14], "texture": "#0", "cullface": "south"},
				"west": {"uv": [1, 13, 1.75, 14], "texture": "#0", "cullface": "south"},
				"up": {"uv": [1, 13, 3, 14], "texture": "#0", "cullface": "south"},
				"down": {"uv": [1, 13, 3, 14], "texture": "#0", "cullface": "south"}
			}
		},
		{
			"from": [-0.74079, 2, 1.05921],
			"to": [0.00921, 3, 3.05921],
			"rotation": {"angle": 0, "axis": "y", "origin": [7.83421, 7.76316, 16.375]},
			"faces": {
				"north": {"uv": [1, 13, 1.75, 14], "texture": "#0", "cullface": "west"},
				"south": {"uv": [2, 13, 2.75, 14], "texture": "#0", "cullface": "west"},
				"west": {"uv": [1, 13, 3, 14], "texture": "#0", "cullface": "west"},
				"up": {"uv": [1, 13, 3, 14], "rotation": 90, "texture": "#0", "cullface": "west"},
				"down": {"uv": [1, 13, 3, 14], "rotation": 270, "texture": "#0", "cullface": "west"}
			}
		},
		{
			"from": [15.95921, 2, 12.99079],
			"to": [16.70921, 3, 14.99079],
			"rotation": {"angle": 0, "axis": "y", "origin": [16.58421, 7.76316, 7.875]},
			"faces": {
				"north": {"uv": [2, 13, 2.75, 14], "texture": "#0", "cullface": "east"},
				"east": {"uv": [1, 13, 3, 14], "texture": "#0", "cullface": "east"},
				"south": {"uv": [1, 13, 1.75, 14], "texture": "#0", "cullface": "east"},
				"up": {"uv": [1, 13, 3, 14], "rotation": 270, "texture": "#0", "cullface": "east"},
				"down": {"uv": [1, 13, 3, 14], "rotation": 90, "texture": "#0", "cullface": "east"}
			}
		},
		{
			"from": [0.96842, 15.88816, 12.98816],
			"to": [2.96842, 16.63816, 13.98816],
			"rotation": {"angle": 0, "axis": "x", "origin": [8.18421, 7.76316, 16.375]},
			"faces": {
				"north": {"uv": [1, 13, 3, 14], "rotation": 180, "texture": "#0", "cullface": "up"},
				"east": {"uv": [2, 13, 2.75, 14], "rotation": 90, "texture": "#0", "cullface": "up"},
				"south": {"uv": [1, 13, 3, 14], "texture": "#0", "cullface": "up"},
				"west": {"uv": [1, 13, 1.75, 14], "rotation": 270, "texture": "#0", "cullface": "up"},
				"up": {"uv": [1, 13, 3, 14], "texture": "#0", "cullface": "up"}
			}
		},
		{
			"from": [0.96842, -0.61184, 1.96184],
			"to": [2.96842, 0.13816, 2.96184],
			"rotation": {"angle": 0, "axis": "x", "origin": [7.78421, 16.26316, 8.225]},
			"faces": {
				"north": {"uv": [1, 13, 3, 14], "rotation": 180, "texture": "#0", "cullface": "down"},
				"east": {"uv": [2, 13, 2.75, 14], "rotation": 270, "texture": "#0", "cullface": "down"},
				"south": {"uv": [1, 13, 3, 14], "texture": "#0", "cullface": "down"},
				"west": {"uv": [1, 13, 1.75, 14], "rotation": 90, "texture": "#0", "cullface": "down"},
				"down": {"uv": [1, 13, 3, 14], "texture": "#0", "cullface": "down"}
			}
		},
		{
			"from": [1, 3, -0.75],
			"to": [8, 4, 0],
			"faces": {
				"north": {"uv": [8, 12, 15, 13], "texture": "#0", "cullface": "north"},
				"east": {"uv": [8, 12, 8.75, 13], "texture": "#0", "cullface": "north"},
				"west": {"uv": [14, 12, 14.75, 13], "texture": "#0", "cullface": "north"},
				"up": {"uv": [8, 12, 15, 13], "rotation": 180, "texture": "#0", "cullface": "north"},
				"down": {"uv": [8, 12, 15, 13], "rotation": 180, "texture": "#0", "cullface": "north"}
			}
		},
		{
			"from": [8.01842, 3, 16],
			"to": [15.01842, 4, 16.75],
			"rotation": {"angle": 0, "axis": "y", "origin": [8.18421, 7.76316, -0.375]},
			"faces": {
				"east": {"uv": [14, 12, 14.75, 13], "texture": "#0", "cullface": "south"},
				"south": {"uv": [8, 12, 15, 13], "texture": "#0", "cullface": "south"},
				"west": {"uv": [8, 12, 8.75, 13], "texture": "#0", "cullface": "south"},
				"up": {"uv": [8, 12, 15, 13], "texture": "#0", "cullface": "south"},
				"down": {"uv": [8, 12, 15, 13], "texture": "#0", "cullface": "south"}
			}
		},
		{
			"from": [-0.74079, 3, 8.05921],
			"to": [0.00921, 4, 15.05921],
			"rotation": {"angle": 0, "axis": "y", "origin": [7.83421, 7.76316, 16.375]},
			"faces": {
				"north": {"uv": [8, 12, 8.75, 13], "texture": "#0", "cullface": "west"},
				"south": {"uv": [14, 12, 14.75, 13], "texture": "#0", "cullface": "west"},
				"west": {"uv": [8, 12, 15, 13], "texture": "#0", "cullface": "west"},
				"up": {"uv": [8, 12, 15, 13], "rotation": 90, "texture": "#0", "cullface": "west"},
				"down": {"uv": [8, 12, 15, 13], "rotation": 270, "texture": "#0", "cullface": "west"}
			}
		},
		{
			"from": [15.95921, 3, 0.99079],
			"to": [16.70921, 4, 7.99079],
			"rotation": {"angle": 0, "axis": "y", "origin": [16.58421, 7.76316, 7.875]},
			"faces": {
				"north": {"uv": [14, 12, 14.75, 13], "texture": "#0", "cullface": "east"},
				"east": {"uv": [8, 12, 15, 13], "texture": "#0", "cullface": "east"},
				"south": {"uv": [8, 12, 8.75, 13], "texture": "#0", "cullface": "east"},
				"up": {"uv": [8, 12, 15, 13], "rotation": 270, "texture": "#0", "cullface": "east"},
				"down": {"uv": [8, 12, 15, 13], "rotation": 90, "texture": "#0", "cullface": "east"}
			}
		},
		{
			"from": [7.96842, 15.88816, 11.98816],
			"to": [14.96842, 16.63816, 12.98816],
			"rotation": {"angle": 0, "axis": "x", "origin": [8.18421, 7.76316, 16.375]},
			"faces": {
				"north": {"uv": [8, 12, 15, 13], "rotation": 180, "texture": "#0", "cullface": "up"},
				"east": {"uv": [14, 12, 14.75, 13], "rotation": 90, "texture": "#0", "cullface": "up"},
				"south": {"uv": [8, 12, 15, 13], "texture": "#0", "cullface": "up"},
				"west": {"uv": [8, 12, 8.75, 13], "rotation": 270, "texture": "#0", "cullface": "up"},
				"up": {"uv": [8, 12, 15, 13], "texture": "#0", "cullface": "up"}
			}
		},
		{
			"from": [7.96842, -0.61184, 2.96184],
			"to": [14.96842, 0.13816, 3.96184],
			"rotation": {"angle": 0, "axis": "x", "origin": [7.78421, 16.26316, 8.225]},
			"faces": {
				"north": {"uv": [8, 12, 15, 13], "rotation": 180, "texture": "#0", "cullface": "down"},
				"east": {"uv": [14, 12, 14.75, 13], "rotation": 270, "texture": "#0", "cullface": "down"},
				"south": {"uv": [8, 12, 15, 13], "texture": "#0", "cullface": "down"},
				"west": {"uv": [8, 12, 8.75, 13], "rotation": 90, "texture": "#0", "cullface": "down"},
				"down": {"uv": [8, 12, 15, 13], "texture": "#0", "cullface": "down"}
			}
		}
	],
	"display": {
		"thirdperson_righthand": {
			"rotation": [75, 45, 0],
			"translation": [0, 2.5, 0],
			"scale": [0.375, 0.375, 0.375]
		},
		"thirdperson_lefthand": {
			"rotation": [75, 45, 0],
			"translation": [0, 2.5, 0],
			"scale": [0.375, 0.375, 0.375]
		},
		"firstperson_righthand": {
			"rotation": [0, 45, 0],
			"scale": [0.4, 0.4, 0.4]
		},
		"firstperson_lefthand": {
			"rotation": [0, 225, 0],
			"scale": [0.4, 0.4, 0.4]
		},
		"ground": {
			"translation": [0, 3, 0],
			"scale": [0.25, 0.25, 0.25]
		},
		"gui": {
			"rotation": [30, 225, 0],
			"scale": [0.625, 0.625, 0.625]
		},
		"fixed": {
			"scale": [0.5, 0.5, 0.5]
		}
	}
}