{
	"credit": "Made by N0do | GMnodo",
	"textures": {
		"0": "modeltextures/ore/deepslate_diamond_ore",
		"particle": "modeltextures/ore/deepslate_diamond_ore"
	},
	"elements": [
		{
			"from": [0, 0, 0],
			"to": [16, 16, 16],
			"faces": {
				"north": {"uv": [0, 0, 16, 16], "texture": "#0", "cullface": "north"},
				"east": {"uv": [0, 0, 16, 16], "texture": "#0", "cullface": "east"},
				"south": {"uv": [0, 0, 16, 16], "texture": "#0", "cullface": "south"},
				"west": {"uv": [0, 0, 16, 16], "texture": "#0", "cullface": "west"},
				"up": {"uv": [0, 0, 16, 16], "texture": "#0", "cullface": "up"},
				"down": {"uv": [0, 0, 16, 16], "texture": "#0", "cullface": "down"}
			}
		},
		{
			"from": [2, 3, -0.75],
			"to": [8, 4, 0],
			"rotation": {"angle": 0, "axis": "y", "origin": [10, 11, 7]},
			"faces": {
				"north": {"uv": [8, 12, 14, 13], "texture": "#0", "cullface": "north"},
				"east": {"uv": [8, 12, 9, 13], "texture": "#0", "cullface": "north"},
				"west": {"uv": [13, 12, 14, 13], "texture": "#0", "cullface": "north"},
				"up": {"uv": [8, 12, 14, 13], "texture": "#0", "cullface": "north"},
				"down": {"uv": [8, 12, 14, 13], "texture": "#0", "cullface": "north"}
			}
		},
		{
			"from": [15.92857, 3, 2.02143],
			"to": [16.67857, 4, 8.02143],
			"rotation": {"angle": 0, "axis": "y", "origin": [16.42857, 7.82143, 8.2]},
			"faces": {
				"north": {"uv": [13, 12, 14, 13], "texture": "#0", "cullface": "east"},
				"east": {"uv": [8, 12, 14, 13], "texture": "#0", "cullface": "east"},
				"south": {"uv": [8, 12, 9, 13], "texture": "#0", "cullface": "east"},
				"up": {"uv": [8, 12, 14, 13], "rotation": 90, "texture": "#0", "cullface": "east"},
				"down": {"uv": [8, 12, 14, 13], "rotation": 270, "texture": "#0", "cullface": "east"}
			}
		},
		{
			"from": [8.00714, 3, 15.95],
			"to": [14.00714, 4, 16.7],
			"rotation": {"angle": 0, "axis": "y", "origin": [7.82857, 7.82143, 16.45]},
			"faces": {
				"east": {"uv": [13, 12, 14, 13], "texture": "#0", "cullface": "south"},
				"south": {"uv": [8, 12, 14, 13], "texture": "#0", "cullface": "south"},
				"west": {"uv": [8, 12, 9, 13], "texture": "#0", "cullface": "south"},
				"up": {"uv": [8, 12, 14, 13], "rotation": 180, "texture": "#0", "cullface": "south"},
				"down": {"uv": [8, 12, 14, 13], "rotation": 180, "texture": "#0", "cullface": "south"}
			}
		},
		{
			"from": [8.00714, 15.82143, 12.02143],
			"to": [14.00714, 16.57143, 13.02143],
			"rotation": {"angle": 0, "axis": "x", "origin": [7.82857, 16.32143, 8.2]},
			"faces": {
				"north": {"uv": [8, 12, 14, 13], "texture": "#0", "cullface": "up"},
				"east": {"uv": [13, 12, 14, 13], "rotation": 90, "texture": "#0", "cullface": "up"},
				"south": {"uv": [8, 12, 14, 13], "rotation": 180, "texture": "#0", "cullface": "up"},
				"west": {"uv": [8, 12, 9, 13], "rotation": 270, "texture": "#0", "cullface": "up"},
				"up": {"uv": [8, 12, 14, 13], "texture": "#0", "cullface": "up"}
			}
		},
		{
			"from": [8.00714, -0.67857, 3.07857],
			"to": [14.00714, 0.07143, 4.07857],
			"rotation": {"angle": 0, "axis": "x", "origin": [7.82857, -0.42857, 7.9]},
			"faces": {
				"north": {"uv": [8, 12, 14, 13], "texture": "#0", "cullface": "down"},
				"east": {"uv": [13, 12, 14, 13], "rotation": 270, "texture": "#0", "cullface": "down"},
				"south": {"uv": [8, 12, 14, 13], "rotation": 180, "texture": "#0", "cullface": "down"},
				"west": {"uv": [8, 12, 9, 13], "rotation": 90, "texture": "#0", "cullface": "down"},
				"down": {"uv": [8, 12, 14, 13], "texture": "#0", "cullface": "down"}
			}
		},
		{
			"from": [-0.57143, 3, 7.97857],
			"to": [0.17857, 4, 13.97857],
			"rotation": {"angle": 0, "axis": "y", "origin": [-0.32143, 7.82143, 7.8]},
			"faces": {
				"north": {"uv": [8, 12, 9, 13], "texture": "#0", "cullface": "west"},
				"south": {"uv": [13, 12, 14, 13], "texture": "#0", "cullface": "west"},
				"west": {"uv": [8, 12, 14, 13], "texture": "#0", "cullface": "west"},
				"up": {"uv": [8, 12, 14, 13], "rotation": 270, "texture": "#0", "cullface": "west"},
				"down": {"uv": [8, 12, 14, 13], "rotation": 90, "texture": "#0", "cullface": "west"}
			}
		},
		{
			"from": [5, 2, -0.75],
			"to": [7, 3, 0],
			"rotation": {"angle": 0, "axis": "y", "origin": [13, 10, 7]},
			"faces": {
				"north": {"uv": [9, 13, 11, 14], "texture": "#0", "cullface": "north"},
				"east": {"uv": [9, 13, 9.75, 14], "texture": "#0", "cullface": "north"},
				"west": {"uv": [10, 13, 10.75, 14], "texture": "#0", "cullface": "north"},
				"down": {"uv": [9, 13, 11, 14], "texture": "#0", "cullface": "north"}
			}
		},
		{
			"from": [15.92857, 2, 5.02143],
			"to": [16.67857, 3, 7.02143],
			"rotation": {"angle": 0, "axis": "y", "origin": [16.42857, 7.82143, 8.2]},
			"faces": {
				"north": {"uv": [10, 13, 10.75, 14], "texture": "#0", "cullface": "east"},
				"east": {"uv": [9, 13, 11, 14], "texture": "#0", "cullface": "east"},
				"south": {"uv": [9, 13, 9.75, 14], "texture": "#0", "cullface": "east"},
				"down": {"uv": [9, 13, 11, 14], "rotation": 270, "texture": "#0", "cullface": "east"}
			}
		},
		{
			"from": [9.00714, 2, 15.95],
			"to": [11.00714, 3, 16.7],
			"rotation": {"angle": 0, "axis": "y", "origin": [7.82857, 7.82143, 16.45]},
			"faces": {
				"east": {"uv": [10, 13, 10.75, 14], "texture": "#0", "cullface": "south"},
				"south": {"uv": [9, 13, 11, 14], "texture": "#0", "cullface": "south"},
				"west": {"uv": [9, 13, 9.75, 14], "texture": "#0", "cullface": "south"},
				"down": {"uv": [9, 13, 11, 14], "rotation": 180, "texture": "#0", "cullface": "south"}
			}
		},
		{
			"from": [9.00714, 15.82143, 13.02143],
			"to": [11.00714, 16.57143, 14.02143],
			"rotation": {"angle": 0, "axis": "x", "origin": [7.82857, 16.32143, 8.2]},
			"faces": {
				"east": {"uv": [9, 13, 11, 14], "rotation": 90, "texture": "#0", "cullface": "up"},
				"south": {"uv": [9, 13, 11, 14], "rotation": 180, "texture": "#0", "cullface": "up"},
				"west": {"uv": [9, 13, 9.75, 14], "texture": "#0", "cullface": "up"},
				"up": {"uv": [9, 13, 11, 14], "texture": "#0", "cullface": "up"}
			}
		},
		{
			"from": [9.00714, -0.67857, 2.07857],
			"to": [11.00714, 0.07143, 3.07857],
			"rotation": {"angle": 0, "axis": "x", "origin": [7.82857, -0.42857, 7.9]},
			"faces": {
				"north": {"uv": [9, 13, 11, 14], "rotation": 180, "texture": "#0", "cullface": "down"},
				"east": {"uv": [10, 13, 10.75, 14], "texture": "#0", "cullface": "down"},
				"west": {"uv": [9, 13, 9.75, 14], "texture": "#0", "cullface": "down"},
				"down": {"uv": [9, 13, 11, 14], "texture": "#0", "cullface": "down"}
			}
		},
		{
			"from": [-0.57143, 2, 8.97857],
			"to": [0.17857, 3, 10.97857],
			"rotation": {"angle": 0, "axis": "y", "origin": [-0.32143, 7.82143, 7.8]},
			"faces": {
				"north": {"uv": [9, 13, 9.75, 14], "texture": "#0", "cullface": "west"},
				"south": {"uv": [10, 13, 10.75, 14], "texture": "#0", "cullface": "west"},
				"west": {"uv": [9, 13, 11, 14], "texture": "#0", "cullface": "west"},
				"down": {"uv": [9, 13, 11, 14], "rotation": 90, "texture": "#0", "cullface": "west"}
			}
		},
		{
			"from": [3, 4, -0.75],
			"to": [5, 5, 0],
			"rotation": {"angle": 0, "axis": "y", "origin": [11, 12, 7]},
			"faces": {
				"north": {"uv": [11, 11, 13, 12], "texture": "#0", "cullface": "north"},
				"east": {"uv": [11, 11, 12, 12], "texture": "#0", "cullface": "north"},
				"west": {"uv": [12, 11, 13, 12], "texture": "#0", "cullface": "north"},
				"up": {"uv": [11, 11, 13, 12], "rotation": 180, "texture": "#0", "cullface": "north"}
			}
		},
		{
			"from": [15.92857, 4, 3.02143],
			"to": [16.67857, 5, 5.02143],
			"rotation": {"angle": 0, "axis": "y", "origin": [16.42857, 7.82143, 8.2]},
			"faces": {
				"north": {"uv": [12, 11, 13, 12], "texture": "#0", "cullface": "east"},
				"east": {"uv": [11, 11, 13, 12], "texture": "#0", "cullface": "east"},
				"south": {"uv": [11, 11, 12, 12], "texture": "#0", "cullface": "east"},
				"up": {"uv": [11, 11, 13, 12], "rotation": 270, "texture": "#0", "cullface": "east"}
			}
		},
		{
			"from": [11.00714, 4, 15.95],
			"to": [13.00714, 5, 16.7],
			"rotation": {"angle": 0, "axis": "y", "origin": [7.82857, 7.82143, 16.45]},
			"faces": {
				"east": {"uv": [12, 11, 13, 12], "texture": "#0", "cullface": "south"},
				"south": {"uv": [11, 11, 13, 12], "texture": "#0", "cullface": "south"},
				"west": {"uv": [11, 11, 12, 12], "texture": "#0", "cullface": "south"},
				"up": {"uv": [11, 11, 13, 12], "texture": "#0", "cullface": "south"}
			}
		},
		{
			"from": [11.00714, 15.82143, 11.02143],
			"to": [13.00714, 16.57143, 12.02143],
			"rotation": {"angle": 0, "axis": "x", "origin": [7.82857, 16.32143, 8.2]},
			"faces": {
				"north": {"uv": [11, 11, 13, 12], "rotation": 180, "texture": "#0", "cullface": "up"},
				"east": {"uv": [12, 11, 13, 12], "rotation": 90, "texture": "#0", "cullface": "up"},
				"west": {"uv": [11, 11, 12, 12], "rotation": 270, "texture": "#0", "cullface": "up"},
				"up": {"uv": [11, 11, 13, 12], "texture": "#0", "cullface": "up"}
			}
		},
		{
			"from": [11.00714, -0.67857, 4.07857],
			"to": [13.00714, 0.07143, 5.07857],
			"rotation": {"angle": 0, "axis": "x", "origin": [7.82857, -0.42857, 7.9]},
			"faces": {
				"east": {"uv": [12, 11, 13, 12], "rotation": 270, "texture": "#0", "cullface": "down"},
				"south": {"uv": [11, 11, 13, 12], "texture": "#0", "cullface": "down"},
				"west": {"uv": [11, 11, 12, 12], "rotation": 90, "texture": "#0", "cullface": "down"},
				"down": {"uv": [11, 11, 13, 12], "texture": "#0", "cullface": "down"}
			}
		},
		{
			"from": [-0.57143, 4, 10.97857],
			"to": [0.17857, 5, 12.97857],
			"rotation": {"angle": 0, "axis": "y", "origin": [-0.32143, 7.82143, 7.8]},
			"faces": {
				"north": {"uv": [11, 11, 12, 12], "texture": "#0", "cullface": "west"},
				"south": {"uv": [12, 11, 13, 12], "texture": "#0", "cullface": "west"},
				"west": {"uv": [11, 11, 13, 12], "texture": "#0", "cullface": "west"},
				"up": {"uv": [11, 11, 13, 12], "rotation": 90, "texture": "#0", "cullface": "west"}
			}
		},
		{
			"from": [5, 6, -0.75],
			"to": [9, 7, 0],
			"rotation": {"angle": 0, "axis": "y", "origin": [13, 14, 7]},
			"faces": {
				"north": {"uv": [7, 9, 11, 10], "texture": "#0", "cullface": "north"},
				"east": {"uv": [7, 9, 8, 10], "texture": "#0", "cullface": "north"},
				"west": {"uv": [10, 9, 11, 10], "texture": "#0", "cullface": "north"},
				"up": {"uv": [7, 9, 11, 10], "rotation": 180, "texture": "#0", "cullface": "north"},
				"down": {"uv": [7, 9, 11, 10], "rotation": 180, "texture": "#0", "cullface": "north"}
			}
		},
		{
			"from": [15.92857, 6, 5.02143],
			"to": [16.67857, 7, 9.02143],
			"rotation": {"angle": 0, "axis": "y", "origin": [16.42857, 7.82143, 8.2]},
			"faces": {
				"north": {"uv": [10, 9, 11, 10], "texture": "#0", "cullface": "east"},
				"east": {"uv": [7, 9, 11, 10], "texture": "#0", "cullface": "east"},
				"south": {"uv": [7, 9, 8, 10], "texture": "#0", "cullface": "east"},
				"up": {"uv": [7, 9, 11, 10], "rotation": 270, "texture": "#0", "cullface": "east"},
				"down": {"uv": [7, 9, 11, 10], "rotation": 90, "texture": "#0", "cullface": "east"}
			}
		},
		{
			"from": [7.00714, 6, 15.95],
			"to": [11.00714, 7, 16.7],
			"rotation": {"angle": 0, "axis": "y", "origin": [7.82857, 7.82143, 16.45]},
			"faces": {
				"east": {"uv": [10, 9, 11, 10], "texture": "#0", "cullface": "south"},
				"south": {"uv": [7, 9, 11, 10], "texture": "#0", "cullface": "south"},
				"west": {"uv": [7, 9, 8, 10], "texture": "#0", "cullface": "south"},
				"up": {"uv": [7, 9, 11, 10], "texture": "#0", "cullface": "south"},
				"down": {"uv": [7, 9, 11, 10], "texture": "#0", "cullface": "south"}
			}
		},
		{
			"from": [7.00714, 15.82143, 9.02143],
			"to": [11.00714, 16.57143, 10.02143],
			"rotation": {"angle": 0, "axis": "x", "origin": [7.82857, 16.32143, 8.2]},
			"faces": {
				"north": {"uv": [7, 9, 11, 10], "rotation": 180, "texture": "#0", "cullface": "up"},
				"east": {"uv": [10, 9, 11, 10], "rotation": 90, "texture": "#0", "cullface": "up"},
				"south": {"uv": [7, 9, 11, 10], "texture": "#0", "cullface": "up"},
				"west": {"uv": [7, 9, 8, 10], "rotation": 270, "texture": "#0", "cullface": "up"},
				"up": {"uv": [7, 9, 11, 10], "texture": "#0", "cullface": "up"}
			}
		},
		{
			"from": [7.00714, -0.67857, 6.07857],
			"to": [11.00714, 0.07143, 7.07857],
			"rotation": {"angle": 0, "axis": "x", "origin": [7.82857, -0.42857, 7.9]},
			"faces": {
				"north": {"uv": [7, 9, 11, 10], "rotation": 180, "texture": "#0", "cullface": "down"},
				"east": {"uv": [10, 9, 11, 10], "rotation": 270, "texture": "#0", "cullface": "down"},
				"south": {"uv": [7, 9, 11, 10], "texture": "#0", "cullface": "down"},
				"west": {"uv": [7, 9, 8, 10], "rotation": 90, "texture": "#0", "cullface": "down"},
				"down": {"uv": [7, 9, 11, 10], "texture": "#0", "cullface": "down"}
			}
		},
		{
			"from": [-0.57143, 6, 6.97857],
			"to": [0.17857, 7, 10.97857],
			"rotation": {"angle": 0, "axis": "y", "origin": [-0.32143, 7.82143, 7.8]},
			"faces": {
				"north": {"uv": [7, 9, 8, 10], "texture": "#0", "cullface": "west"},
				"south": {"uv": [10, 9, 11, 10], "texture": "#0", "cullface": "west"},
				"west": {"uv": [7, 9, 11, 10], "texture": "#0", "cullface": "west"},
				"up": {"uv": [7, 9, 11, 10], "rotation": 90, "texture": "#0", "cullface": "west"},
				"down": {"uv": [7, 9, 11, 10], "rotation": 270, "texture": "#0", "cullface": "west"}
			}
		},
		{
			"from": [6, 7, -0.75],
			"to": [8, 8, 0],
			"rotation": {"angle": 0, "axis": "y", "origin": [14, 15, 7]},
			"faces": {
				"north": {"uv": [8, 8, 10, 9], "texture": "#0", "cullface": "north"},
				"east": {"uv": [8, 8, 9, 9], "texture": "#0", "cullface": "north"},
				"west": {"uv": [9, 8, 10, 9], "texture": "#0", "cullface": "north"},
				"up": {"uv": [8, 8, 10, 9], "rotation": 180, "texture": "#0", "cullface": "north"}
			}
		},
		{
			"from": [15.92857, 7, 6.02143],
			"to": [16.67857, 8, 8.02143],
			"rotation": {"angle": 0, "axis": "y", "origin": [16.42857, 7.82143, 8.2]},
			"faces": {
				"north": {"uv": [9, 8, 10, 9], "texture": "#0", "cullface": "east"},
				"east": {"uv": [8, 8, 10, 9], "texture": "#0", "cullface": "east"},
				"south": {"uv": [8, 8, 9, 9], "texture": "#0", "cullface": "east"},
				"up": {"uv": [8, 8, 10, 9], "rotation": 270, "texture": "#0", "cullface": "east"}
			}
		},
		{
			"from": [8.00714, 7, 15.95],
			"to": [10.00714, 8, 16.7],
			"rotation": {"angle": 0, "axis": "y", "origin": [7.82857, 7.82143, 16.45]},
			"faces": {
				"east": {"uv": [9, 8, 10, 9], "texture": "#0", "cullface": "south"},
				"south": {"uv": [8, 8, 10, 9], "texture": "#0", "cullface": "south"},
				"west": {"uv": [8, 8, 9, 9], "texture": "#0", "cullface": "south"},
				"up": {"uv": [8, 8, 10, 9], "texture": "#0", "cullface": "south"}
			}
		},
		{
			"from": [8.00714, 15.82143, 8.02143],
			"to": [10.00714, 16.57143, 9.02143],
			"rotation": {"angle": 0, "axis": "x", "origin": [7.82857, 16.32143, 8.2]},
			"faces": {
				"north": {"uv": [8, 8, 10, 9], "rotation": 180, "texture": "#0", "cullface": "up"},
				"east": {"uv": [9, 8, 10, 9], "rotation": 90, "texture": "#0", "cullface": "up"},
				"west": {"uv": [8, 8, 9, 9], "rotation": 270, "texture": "#0", "cullface": "up"},
				"up": {"uv": [8, 8, 10, 9], "texture": "#0", "cullface": "up"}
			}
		},
		{
			"from": [8.00714, -0.67857, 7.07857],
			"to": [10.00714, 0.07143, 8.07857],
			"rotation": {"angle": 0, "axis": "x", "origin": [7.82857, -0.42857, 7.9]},
			"faces": {
				"east": {"uv": [9, 8, 10, 9], "rotation": 270, "texture": "#0", "cullface": "down"},
				"south": {"uv": [8, 8, 10, 9], "texture": "#0", "cullface": "down"},
				"west": {"uv": [8, 8, 9, 9], "rotation": 90, "texture": "#0", "cullface": "down"},
				"down": {"uv": [8, 8, 10, 9], "texture": "#0", "cullface": "down"}
			}
		},
		{
			"from": [-0.57143, 7, 7.97857],
			"to": [0.17857, 8, 9.97857],
			"rotation": {"angle": 0, "axis": "y", "origin": [-0.32143, 7.82143, 7.8]},
			"faces": {
				"north": {"uv": [8, 8, 9, 9], "texture": "#0", "cullface": "west"},
				"south": {"uv": [9, 8, 10, 9], "texture": "#0", "cullface": "west"},
				"west": {"uv": [8, 8, 10, 9], "texture": "#0", "cullface": "west"},
				"up": {"uv": [8, 8, 10, 9], "rotation": 90, "texture": "#0", "cullface": "west"}
			}
		},
		{
			"from": [2, 13, -0.75],
			"to": [4, 14, 0],
			"rotation": {"angle": 0, "axis": "y", "origin": [10, 21, 7]},
			"faces": {
				"north": {"uv": [12, 2, 14, 3], "texture": "#0", "cullface": "north"},
				"east": {"uv": [12, 2, 13, 3], "texture": "#0", "cullface": "north"},
				"west": {"uv": [13, 2, 14, 3], "texture": "#0", "cullface": "north"},
				"up": {"uv": [12, 2, 14, 3], "rotation": 180, "texture": "#0", "cullface": "north"},
				"down": {"uv": [12, 2, 14, 3], "rotation": 180, "texture": "#0", "cullface": "north"}
			}
		},
		{
			"from": [15.92857, 13, 2.02143],
			"to": [16.67857, 14, 4.02143],
			"rotation": {"angle": 0, "axis": "y", "origin": [16.42857, 7.82143, 8.2]},
			"faces": {
				"north": {"uv": [13, 2, 14, 3], "texture": "#0", "cullface": "east"},
				"east": {"uv": [12, 2, 14, 3], "texture": "#0", "cullface": "east"},
				"south": {"uv": [12, 2, 13, 3], "texture": "#0", "cullface": "east"},
				"up": {"uv": [12, 2, 14, 3], "rotation": 270, "texture": "#0", "cullface": "east"},
				"down": {"uv": [12, 2, 14, 3], "rotation": 90, "texture": "#0", "cullface": "east"}
			}
		},
		{
			"from": [12.00714, 13, 15.95],
			"to": [14.00714, 14, 16.7],
			"rotation": {"angle": 0, "axis": "y", "origin": [7.82857, 7.82143, 16.45]},
			"faces": {
				"east": {"uv": [13, 2, 14, 3], "texture": "#0", "cullface": "south"},
				"south": {"uv": [12, 2, 14, 3], "texture": "#0", "cullface": "south"},
				"west": {"uv": [12, 2, 13, 3], "texture": "#0", "cullface": "south"},
				"up": {"uv": [12, 2, 14, 3], "texture": "#0", "cullface": "south"},
				"down": {"uv": [12, 2, 14, 3], "texture": "#0", "cullface": "south"}
			}
		},
		{
			"from": [12.00714, 15.82143, 2.02143],
			"to": [14.00714, 16.57143, 3.02143],
			"rotation": {"angle": 0, "axis": "x", "origin": [7.82857, 16.32143, 8.2]},
			"faces": {
				"north": {"uv": [12, 2, 14, 3], "rotation": 180, "texture": "#0", "cullface": "up"},
				"east": {"uv": [13, 2, 14, 3], "rotation": 90, "texture": "#0", "cullface": "up"},
				"south": {"uv": [12, 2, 14, 3], "texture": "#0", "cullface": "up"},
				"west": {"uv": [12, 2, 13, 3], "rotation": 270, "texture": "#0", "cullface": "up"},
				"up": {"uv": [12, 2, 14, 3], "texture": "#0", "cullface": "up"}
			}
		},
		{
			"from": [12.00714, -0.67857, 13.07857],
			"to": [14.00714, 0.07143, 14.07857],
			"rotation": {"angle": 0, "axis": "x", "origin": [7.82857, -0.42857, 7.9]},
			"faces": {
				"north": {"uv": [12, 2, 14, 3], "rotation": 180, "texture": "#0", "cullface": "down"},
				"east": {"uv": [13, 2, 14, 3], "rotation": 270, "texture": "#0", "cullface": "down"},
				"south": {"uv": [12, 2, 14, 3], "texture": "#0", "cullface": "down"},
				"west": {"uv": [12, 2, 13, 3], "rotation": 90, "texture": "#0", "cullface": "down"},
				"down": {"uv": [12, 2, 14, 3], "texture": "#0", "cullface": "down"}
			}
		},
		{
			"from": [-0.57143, 13, 11.97857],
			"to": [0.17857, 14, 13.97857],
			"rotation": {"angle": 0, "axis": "y", "origin": [-0.32143, 7.82143, 7.8]},
			"faces": {
				"north": {"uv": [12, 2, 13, 3], "texture": "#0", "cullface": "west"},
				"south": {"uv": [13, 2, 14, 3], "texture": "#0", "cullface": "west"},
				"west": {"uv": [12, 2, 14, 3], "texture": "#0", "cullface": "west"},
				"up": {"uv": [12, 2, 14, 3], "rotation": 90, "texture": "#0", "cullface": "west"},
				"down": {"uv": [12, 2, 14, 3], "rotation": 270, "texture": "#0", "cullface": "west"}
			}
		},
		{
			"from": [11, 2, -0.75],
			"to": [13, 3, 0],
			"rotation": {"angle": 0, "axis": "y", "origin": [19, 10, 7]},
			"faces": {
				"north": {"uv": [3, 13, 5, 14], "texture": "#0", "cullface": "north"},
				"east": {"uv": [3, 13, 4, 14], "texture": "#0", "cullface": "north"},
				"west": {"uv": [4, 13, 5, 14], "texture": "#0", "cullface": "north"},
				"up": {"uv": [3, 13, 5, 14], "rotation": 180, "texture": "#0", "cullface": "north"},
				"down": {"uv": [3, 13, 5, 14], "rotation": 180, "texture": "#0", "cullface": "north"}
			}
		},
		{
			"from": [15.92857, 2, 11.02143],
			"to": [16.67857, 3, 13.02143],
			"rotation": {"angle": 0, "axis": "y", "origin": [16.42857, 7.82143, 8.2]},
			"faces": {
				"north": {"uv": [4, 13, 5, 14], "texture": "#0", "cullface": "east"},
				"east": {"uv": [3, 13, 5, 14], "texture": "#0", "cullface": "east"},
				"south": {"uv": [3, 13, 4, 14], "texture": "#0", "cullface": "east"},
				"up": {"uv": [3, 13, 5, 14], "rotation": 270, "texture": "#0", "cullface": "east"},
				"down": {"uv": [3, 13, 5, 14], "rotation": 90, "texture": "#0", "cullface": "east"}
			}
		},
		{
			"from": [3.00714, 2, 15.95],
			"to": [5.00714, 3, 16.7],
			"rotation": {"angle": 0, "axis": "y", "origin": [7.82857, 7.82143, 16.45]},
			"faces": {
				"east": {"uv": [4, 13, 5, 14], "texture": "#0", "cullface": "south"},
				"south": {"uv": [3, 13, 5, 14], "texture": "#0", "cullface": "south"},
				"west": {"uv": [3, 13, 4, 14], "texture": "#0", "cullface": "south"},
				"up": {"uv": [3, 13, 5, 14], "texture": "#0", "cullface": "south"},
				"down": {"uv": [3, 13, 5, 14], "texture": "#0", "cullface": "south"}
			}
		},
		{
			"from": [3.00714, 15.82143, 13.02143],
			"to": [5.00714, 16.57143, 14.02143],
			"rotation": {"angle": 0, "axis": "x", "origin": [7.82857, 16.32143, 8.2]},
			"faces": {
				"north": {"uv": [3, 13, 5, 14], "rotation": 180, "texture": "#0", "cullface": "up"},
				"east": {"uv": [4, 13, 5, 14], "rotation": 90, "texture": "#0", "cullface": "up"},
				"south": {"uv": [3, 13, 5, 14], "texture": "#0", "cullface": "up"},
				"west": {"uv": [3, 13, 4, 14], "rotation": 270, "texture": "#0", "cullface": "up"},
				"up": {"uv": [3, 13, 5, 14], "texture": "#0", "cullface": "up"}
			}
		},
		{
			"from": [3.00714, -0.67857, 2.07857],
			"to": [5.00714, 0.07143, 3.07857],
			"rotation": {"angle": 0, "axis": "x", "origin": [7.82857, -0.42857, 7.9]},
			"faces": {
				"north": {"uv": [3, 13, 5, 14], "rotation": 180, "texture": "#0", "cullface": "down"},
				"east": {"uv": [4, 13, 5, 14], "rotation": 270, "texture": "#0", "cullface": "down"},
				"south": {"uv": [3, 13, 5, 14], "texture": "#0", "cullface": "down"},
				"west": {"uv": [3, 13, 4, 14], "rotation": 90, "texture": "#0", "cullface": "down"},
				"down": {"uv": [3, 13, 5, 14], "texture": "#0", "cullface": "down"}
			}
		},
		{
			"from": [-0.57143, 2, 2.97857],
			"to": [0.17857, 3, 4.97857],
			"rotation": {"angle": 0, "axis": "y", "origin": [-0.32143, 7.82143, 7.8]},
			"faces": {
				"north": {"uv": [3, 13, 4, 14], "texture": "#0", "cullface": "west"},
				"south": {"uv": [4, 13, 5, 14], "texture": "#0", "cullface": "west"},
				"west": {"uv": [3, 13, 5, 14], "texture": "#0", "cullface": "west"},
				"up": {"uv": [3, 13, 5, 14], "rotation": 90, "texture": "#0", "cullface": "west"},
				"down": {"uv": [3, 13, 5, 14], "rotation": 270, "texture": "#0", "cullface": "west"}
			}
		},
		{
			"from": [11, 5, -0.75],
			"to": [12, 6, 0],
			"rotation": {"angle": 0, "axis": "y", "origin": [19, 13, 7]},
			"faces": {
				"north": {"uv": [4, 10, 5, 11], "texture": "#0", "cullface": "north"},
				"east": {"uv": [4, 10, 5, 11], "texture": "#0", "cullface": "north"},
				"west": {"uv": [4, 10, 5, 11], "texture": "#0", "cullface": "north"},
				"up": {"uv": [4, 10, 5, 11], "texture": "#0", "cullface": "north"},
				"down": {"uv": [4, 10, 5, 11], "texture": "#0", "cullface": "north"}
			}
		},
		{
			"from": [15.92857, 5, 11.02143],
			"to": [16.67857, 6, 12.02143],
			"rotation": {"angle": 0, "axis": "y", "origin": [16.42857, 7.82143, 8.2]},
			"faces": {
				"north": {"uv": [4, 10, 5, 11], "texture": "#0", "cullface": "east"},
				"east": {"uv": [4, 10, 5, 11], "texture": "#0", "cullface": "east"},
				"south": {"uv": [4, 10, 5, 11], "texture": "#0", "cullface": "east"},
				"up": {"uv": [4, 10, 5, 11], "rotation": 90, "texture": "#0", "cullface": "east"},
				"down": {"uv": [4, 10, 5, 11], "rotation": 270, "texture": "#0", "cullface": "east"}
			}
		},
		{
			"from": [4.00714, 5, 15.95],
			"to": [5.00714, 6, 16.7],
			"rotation": {"angle": 0, "axis": "y", "origin": [7.82857, 7.82143, 16.45]},
			"faces": {
				"east": {"uv": [4, 10, 5, 11], "texture": "#0", "cullface": "south"},
				"south": {"uv": [4, 10, 5, 11], "texture": "#0", "cullface": "south"},
				"west": {"uv": [4, 10, 5, 11], "texture": "#0", "cullface": "south"},
				"up": {"uv": [4, 10, 5, 11], "rotation": 180, "texture": "#0", "cullface": "south"},
				"down": {"uv": [4, 10, 5, 11], "rotation": 180, "texture": "#0", "cullface": "south"}
			}
		},
		{
			"from": [4.00714, 15.82143, 10.02143],
			"to": [5.00714, 16.57143, 11.02143],
			"rotation": {"angle": 0, "axis": "x", "origin": [7.82857, 16.32143, 8.2]},
			"faces": {
				"north": {"uv": [4, 10, 5, 11], "texture": "#0", "cullface": "up"},
				"east": {"uv": [4, 10, 5, 11], "rotation": 90, "texture": "#0", "cullface": "up"},
				"south": {"uv": [4, 10, 5, 11], "rotation": 180, "texture": "#0", "cullface": "up"},
				"west": {"uv": [4, 10, 5, 11], "rotation": 270, "texture": "#0", "cullface": "up"},
				"up": {"uv": [4, 10, 5, 11], "texture": "#0", "cullface": "up"}
			}
		},
		{
			"from": [4.00714, -0.67857, 5.07857],
			"to": [5.00714, 0.07143, 6.07857],
			"rotation": {"angle": 0, "axis": "x", "origin": [7.82857, -0.42857, 7.9]},
			"faces": {
				"north": {"uv": [4, 10, 5, 11], "texture": "#0", "cullface": "down"},
				"east": {"uv": [4, 10, 5, 11], "rotation": 270, "texture": "#0", "cullface": "down"},
				"south": {"uv": [4, 10, 5, 11], "rotation": 180, "texture": "#0", "cullface": "down"},
				"west": {"uv": [4, 10, 5, 11], "rotation": 90, "texture": "#0", "cullface": "down"},
				"down": {"uv": [4, 10, 5, 11], "texture": "#0", "cullface": "down"}
			}
		},
		{
			"from": [-0.57143, 5, 3.97857],
			"to": [0.17857, 6, 4.97857],
			"rotation": {"angle": 0, "axis": "y", "origin": [-0.32143, 7.82143, 7.8]},
			"faces": {
				"north": {"uv": [4, 10, 5, 11], "texture": "#0", "cullface": "west"},
				"south": {"uv": [4, 10, 5, 11], "texture": "#0", "cullface": "west"},
				"west": {"uv": [4, 10, 5, 11], "texture": "#0", "cullface": "west"},
				"up": {"uv": [4, 10, 5, 11], "rotation": 270, "texture": "#0", "cullface": "west"},
				"down": {"uv": [4, 10, 5, 11], "rotation": 90, "texture": "#0", "cullface": "west"}
			}
		},
		{
			"from": [13, 7, -0.75],
			"to": [15, 8, 0],
			"rotation": {"angle": 0, "axis": "y", "origin": [21, 15, 7]},
			"faces": {
				"north": {"uv": [1, 8, 3, 9], "texture": "#0", "cullface": "north"},
				"east": {"uv": [1, 8, 2, 9], "texture": "#0", "cullface": "north"},
				"west": {"uv": [2, 8, 3, 9], "rotation": 180, "texture": "#0", "cullface": "north"},
				"up": {"uv": [1, 8, 3, 9], "rotation": 180, "texture": "#0", "cullface": "north"},
				"down": {"uv": [1, 8, 3, 9], "rotation": 180, "texture": "#0", "cullface": "north"}
			}
		},
		{
			"from": [15.92857, 7, 13.02143],
			"to": [16.67857, 8, 15.02143],
			"rotation": {"angle": 0, "axis": "y", "origin": [16.42857, 7.82143, 8.2]},
			"faces": {
				"north": {"uv": [2, 8, 3, 9], "rotation": 180, "texture": "#0", "cullface": "east"},
				"east": {"uv": [1, 8, 3, 9], "texture": "#0", "cullface": "east"},
				"south": {"uv": [1, 8, 2, 9], "texture": "#0", "cullface": "east"},
				"up": {"uv": [1, 8, 3, 9], "rotation": 270, "texture": "#0", "cullface": "east"},
				"down": {"uv": [1, 8, 3, 9], "rotation": 90, "texture": "#0", "cullface": "east"}
			}
		},
		{
			"from": [1.00714, 7, 15.95],
			"to": [3.00714, 8, 16.7],
			"rotation": {"angle": 0, "axis": "y", "origin": [7.82857, 7.82143, 16.45]},
			"faces": {
				"east": {"uv": [2, 8, 3, 9], "rotation": 180, "texture": "#0", "cullface": "south"},
				"south": {"uv": [1, 8, 3, 9], "texture": "#0", "cullface": "south"},
				"west": {"uv": [1, 8, 2, 9], "texture": "#0", "cullface": "south"},
				"up": {"uv": [1, 8, 3, 9], "texture": "#0", "cullface": "south"},
				"down": {"uv": [1, 8, 3, 9], "texture": "#0", "cullface": "south"}
			}
		},
		{
			"from": [1.00714, 15.82143, 8.02143],
			"to": [3.00714, 16.57143, 9.02143],
			"rotation": {"angle": 0, "axis": "x", "origin": [7.82857, 16.32143, 8.2]},
			"faces": {
				"north": {"uv": [1, 8, 3, 9], "rotation": 180, "texture": "#0", "cullface": "up"},
				"east": {"uv": [2, 8, 3, 9], "rotation": 270, "texture": "#0", "cullface": "up"},
				"south": {"uv": [1, 8, 3, 9], "texture": "#0", "cullface": "up"},
				"west": {"uv": [1, 8, 2, 9], "rotation": 270, "texture": "#0", "cullface": "up"},
				"up": {"uv": [1, 8, 3, 9], "texture": "#0", "cullface": "up"}
			}
		},
		{
			"from": [1.00714, -0.67857, 7.07857],
			"to": [3.00714, 0.07143, 8.07857],
			"rotation": {"angle": 0, "axis": "x", "origin": [7.82857, -0.42857, 7.9]},
			"faces": {
				"north": {"uv": [1, 8, 3, 9], "rotation": 180, "texture": "#0", "cullface": "down"},
				"east": {"uv": [2, 8, 3, 9], "rotation": 90, "texture": "#0", "cullface": "down"},
				"south": {"uv": [1, 8, 3, 9], "texture": "#0", "cullface": "down"},
				"west": {"uv": [1, 8, 2, 9], "rotation": 90, "texture": "#0", "cullface": "down"},
				"down": {"uv": [1, 8, 3, 9], "texture": "#0", "cullface": "down"}
			}
		},
		{
			"from": [-0.57143, 7, 0.97857],
			"to": [0.17857, 8, 2.97857],
			"rotation": {"angle": 0, "axis": "y", "origin": [-0.32143, 7.82143, 7.8]},
			"faces": {
				"north": {"uv": [1, 8, 2, 9], "texture": "#0", "cullface": "west"},
				"south": {"uv": [2, 8, 3, 9], "rotation": 180, "texture": "#0", "cullface": "west"},
				"west": {"uv": [1, 8, 3, 9], "texture": "#0", "cullface": "west"},
				"up": {"uv": [1, 8, 3, 9], "rotation": 90, "texture": "#0", "cullface": "west"},
				"down": {"uv": [1, 8, 3, 9], "rotation": 270, "texture": "#0", "cullface": "west"}
			}
		},
		{
			"from": [11, 13, -0.75],
			"to": [12, 14, 0],
			"rotation": {"angle": 0, "axis": "y", "origin": [19, 21, 7]},
			"faces": {
				"north": {"uv": [4, 2, 5, 3], "texture": "#0", "cullface": "north"},
				"east": {"uv": [4, 2, 5, 3], "texture": "#0", "cullface": "north"},
				"west": {"uv": [4, 2, 5, 3], "texture": "#0", "cullface": "north"},
				"up": {"uv": [4, 2, 5, 3], "texture": "#0", "cullface": "north"},
				"down": {"uv": [4, 2, 5, 3], "texture": "#0", "cullface": "north"}
			}
		},
		{
			"from": [15.92857, 13, 11.02143],
			"to": [16.67857, 14, 12.02143],
			"rotation": {"angle": 0, "axis": "y", "origin": [16.42857, 7.82143, 8.2]},
			"faces": {
				"north": {"uv": [4, 2, 5, 3], "texture": "#0", "cullface": "east"},
				"east": {"uv": [4, 2, 5, 3], "texture": "#0", "cullface": "east"},
				"south": {"uv": [4, 2, 5, 3], "texture": "#0", "cullface": "east"},
				"up": {"uv": [4, 2, 5, 3], "rotation": 90, "texture": "#0", "cullface": "east"},
				"down": {"uv": [4, 2, 5, 3], "rotation": 270, "texture": "#0", "cullface": "east"}
			}
		},
		{
			"from": [4.00714, 13, 15.95],
			"to": [5.00714, 14, 16.7],
			"rotation": {"angle": 0, "axis": "y", "origin": [7.82857, 7.82143, 16.45]},
			"faces": {
				"east": {"uv": [4, 2, 5, 3], "texture": "#0", "cullface": "south"},
				"south": {"uv": [4, 2, 5, 3], "texture": "#0", "cullface": "south"},
				"west": {"uv": [4, 2, 5, 3], "texture": "#0", "cullface": "south"},
				"up": {"uv": [4, 2, 5, 3], "rotation": 180, "texture": "#0", "cullface": "south"},
				"down": {"uv": [4, 2, 5, 3], "rotation": 180, "texture": "#0", "cullface": "south"}
			}
		},
		{
			"from": [4.00714, 15.82143, 2.02143],
			"to": [5.00714, 16.57143, 3.02143],
			"rotation": {"angle": 0, "axis": "x", "origin": [7.82857, 16.32143, 8.2]},
			"faces": {
				"north": {"uv": [4, 2, 5, 3], "texture": "#0", "cullface": "up"},
				"east": {"uv": [4, 2, 5, 3], "rotation": 90, "texture": "#0", "cullface": "up"},
				"south": {"uv": [4, 2, 5, 3], "rotation": 180, "texture": "#0", "cullface": "up"},
				"west": {"uv": [4, 2, 5, 3], "rotation": 270, "texture": "#0", "cullface": "up"},
				"up": {"uv": [4, 2, 5, 3], "texture": "#0", "cullface": "up"}
			}
		},
		{
			"from": [4.00714, -0.67857, 13.07857],
			"to": [5.00714, 0.07143, 14.07857],
			"rotation": {"angle": 0, "axis": "x", "origin": [7.82857, -0.42857, 7.9]},
			"faces": {
				"north": {"uv": [4, 2, 5, 3], "texture": "#0", "cullface": "down"},
				"east": {"uv": [4, 2, 5, 3], "rotation": 270, "texture": "#0", "cullface": "down"},
				"south": {"uv": [4, 2, 5, 3], "rotation": 180, "texture": "#0", "cullface": "down"},
				"west": {"uv": [4, 2, 5, 3], "rotation": 90, "texture": "#0", "cullface": "down"},
				"down": {"uv": [4, 2, 5, 3], "texture": "#0", "cullface": "down"}
			}
		},
		{
			"from": [-0.57143, 13, 3.97857],
			"to": [0.17857, 14, 4.97857],
			"rotation": {"angle": 0, "axis": "y", "origin": [-0.32143, 7.82143, 7.8]},
			"faces": {
				"north": {"uv": [4, 2, 5, 3], "texture": "#0", "cullface": "west"},
				"south": {"uv": [4, 2, 5, 3], "texture": "#0", "cullface": "west"},
				"west": {"uv": [4, 2, 5, 3], "texture": "#0", "cullface": "west"},
				"up": {"uv": [4, 2, 5, 3], "rotation": 270, "texture": "#0", "cullface": "west"},
				"down": {"uv": [4, 2, 5, 3], "rotation": 90, "texture": "#0", "cullface": "west"}
			}
		},
		{
			"from": [4, 9, -0.75],
			"to": [6, 11, 0],
			"rotation": {"angle": 0, "axis": "y", "origin": [13, 17, 7]},
			"faces": {
				"north": {"uv": [10, 5, 12, 7], "texture": "#0", "cullface": "north"},
				"east": {"uv": [10, 5, 11, 7], "texture": "#0", "cullface": "north"},
				"west": {"uv": [11, 5, 12, 7], "texture": "#0", "cullface": "north"},
				"up": {"uv": [10, 5, 12, 6], "rotation": 180, "texture": "#0", "cullface": "north"},
				"down": {"uv": [10, 6, 12, 7], "rotation": 180, "texture": "#0", "cullface": "north"}
			}
		},
		{
			"from": [15.92857, 9, 4.02143],
			"to": [16.67857, 11, 6.02143],
			"rotation": {"angle": 0, "axis": "y", "origin": [16.42857, 7.82143, 8.2]},
			"faces": {
				"north": {"uv": [11, 5, 12, 7], "texture": "#0", "cullface": "east"},
				"east": {"uv": [10, 5, 12, 7], "texture": "#0", "cullface": "east"},
				"south": {"uv": [10, 5, 11, 7], "texture": "#0", "cullface": "east"},
				"up": {"uv": [10, 5, 12, 6], "rotation": 270, "texture": "#0", "cullface": "east"},
				"down": {"uv": [10, 6, 12, 7], "rotation": 90, "texture": "#0", "cullface": "east"}
			}
		},
		{
			"from": [10.00714, 9, 15.95],
			"to": [12.00714, 11, 16.7],
			"rotation": {"angle": 0, "axis": "y", "origin": [7.82857, 7.82143, 16.45]},
			"faces": {
				"east": {"uv": [11, 5, 12, 7], "texture": "#0", "cullface": "south"},
				"south": {"uv": [10, 5, 12, 7], "texture": "#0", "cullface": "south"},
				"west": {"uv": [10, 5, 11, 7], "texture": "#0", "cullface": "south"},
				"up": {"uv": [10, 5, 12, 6], "texture": "#0", "cullface": "south"},
				"down": {"uv": [10, 6, 12, 7], "texture": "#0", "cullface": "south"}
			}
		},
		{
			"from": [10.00714, 15.82143, 5.02143],
			"to": [12.00714, 16.57143, 7.02143],
			"rotation": {"angle": 0, "axis": "x", "origin": [7.82857, 16.32143, 8.2]},
			"faces": {
				"north": {"uv": [10, 5, 12, 6], "rotation": 180, "texture": "#0", "cullface": "up"},
				"east": {"uv": [11, 5, 12, 7], "rotation": 90, "texture": "#0", "cullface": "up"},
				"south": {"uv": [10, 6, 12, 7], "texture": "#0", "cullface": "up"},
				"west": {"uv": [10, 5, 11, 7], "rotation": 270, "texture": "#0", "cullface": "up"},
				"up": {"uv": [10, 5, 12, 7], "texture": "#0", "cullface": "up"}
			}
		},
		{
			"from": [10.00714, -0.67857, 9.07857],
			"to": [12.00714, 0.07143, 11.07857],
			"rotation": {"angle": 0, "axis": "x", "origin": [7.82857, -0.42857, 7.9]},
			"faces": {
				"north": {"uv": [10, 6, 12, 7], "rotation": 180, "texture": "#0", "cullface": "down"},
				"east": {"uv": [11, 5, 12, 7], "rotation": 270, "texture": "#0", "cullface": "down"},
				"south": {"uv": [10, 5, 12, 6], "texture": "#0", "cullface": "down"},
				"west": {"uv": [10, 5, 11, 7], "rotation": 90, "texture": "#0", "cullface": "down"},
				"down": {"uv": [10, 5, 12, 7], "texture": "#0", "cullface": "down"}
			}
		},
		{
			"from": [-0.57143, 9, 9.97857],
			"to": [0.17857, 11, 11.97857],
			"rotation": {"angle": 0, "axis": "y", "origin": [-0.32143, 7.82143, 7.8]},
			"faces": {
				"north": {"uv": [10, 5, 11, 7], "texture": "#0", "cullface": "west"},
				"south": {"uv": [11, 5, 12, 7], "texture": "#0", "cullface": "west"},
				"west": {"uv": [10, 5, 12, 7], "texture": "#0", "cullface": "west"},
				"up": {"uv": [10, 5, 12, 6], "rotation": 90, "texture": "#0", "cullface": "west"},
				"down": {"uv": [10, 6, 12, 7], "rotation": 270, "texture": "#0", "cullface": "west"}
			}
		},
		{
			"from": [7, 12, -1],
			"to": [9, 13, 0],
			"rotation": {"angle": 0, "axis": "y", "origin": [15, 20, 7]},
			"faces": {
				"north": {"uv": [7, 3, 9, 4], "texture": "#0", "cullface": "north"},
				"east": {"uv": [7, 3, 8, 4], "texture": "#0", "cullface": "north"},
				"west": {"uv": [8, 3, 9, 4], "texture": "#0", "cullface": "north"},
				"up": {"uv": [7, 3, 9, 4], "rotation": 180, "texture": "#0", "cullface": "north"},
				"down": {"uv": [7, 3, 9, 4], "rotation": 180, "texture": "#0", "cullface": "north"}
			}
		},
		{
			"from": [15.92857, 12, 7.02143],
			"to": [16.67857, 13, 9.02143],
			"rotation": {"angle": 0, "axis": "y", "origin": [16.42857, 7.82143, 8.2]},
			"faces": {
				"north": {"uv": [8, 3, 9, 4], "texture": "#0", "cullface": "east"},
				"east": {"uv": [7, 3, 9, 4], "texture": "#0", "cullface": "east"},
				"south": {"uv": [7, 3, 8, 4], "texture": "#0", "cullface": "east"},
				"up": {"uv": [7, 3, 9, 4], "rotation": 270, "texture": "#0", "cullface": "east"},
				"down": {"uv": [7, 3, 9, 4], "rotation": 90, "texture": "#0", "cullface": "east"}
			}
		},
		{
			"from": [7.00714, 12, 15.95],
			"to": [9.00714, 13, 16.7],
			"rotation": {"angle": 0, "axis": "y", "origin": [7.82857, 7.82143, 16.45]},
			"faces": {
				"east": {"uv": [8, 3, 9, 4], "texture": "#0", "cullface": "south"},
				"south": {"uv": [7, 3, 9, 4], "texture": "#0", "cullface": "south"},
				"west": {"uv": [7, 3, 8, 4], "texture": "#0", "cullface": "south"},
				"up": {"uv": [7, 3, 9, 4], "texture": "#0", "cullface": "south"},
				"down": {"uv": [7, 3, 9, 4], "texture": "#0", "cullface": "south"}
			}
		},
		{
			"from": [7.00714, 15.82143, 3.02143],
			"to": [9.00714, 16.57143, 4.02143],
			"rotation": {"angle": 0, "axis": "x", "origin": [7.82857, 16.32143, 8.2]},
			"faces": {
				"north": {"uv": [7, 3, 9, 4], "rotation": 180, "texture": "#0", "cullface": "up"},
				"east": {"uv": [8, 3, 9, 4], "rotation": 90, "texture": "#0", "cullface": "up"},
				"south": {"uv": [7, 3, 9, 4], "texture": "#0", "cullface": "up"},
				"west": {"uv": [7, 3, 8, 4], "rotation": 270, "texture": "#0", "cullface": "up"},
				"up": {"uv": [7, 3, 9, 4], "texture": "#0", "cullface": "up"}
			}
		},
		{
			"from": [7.00714, -0.67857, 12.07857],
			"to": [9.00714, 0.07143, 13.07857],
			"rotation": {"angle": 0, "axis": "x", "origin": [7.82857, -0.42857, 7.9]},
			"faces": {
				"north": {"uv": [7, 3, 9, 4], "rotation": 180, "texture": "#0", "cullface": "down"},
				"east": {"uv": [8, 3, 9, 4], "rotation": 270, "texture": "#0", "cullface": "down"},
				"south": {"uv": [7, 3, 9, 4], "texture": "#0", "cullface": "down"},
				"west": {"uv": [7, 3, 8, 4], "rotation": 90, "texture": "#0", "cullface": "down"},
				"down": {"uv": [7, 3, 9, 4], "texture": "#0", "cullface": "down"}
			}
		},
		{
			"from": [-0.57143, 12, 6.97857],
			"to": [0.17857, 13, 8.97857],
			"rotation": {"angle": 0, "axis": "y", "origin": [-0.32143, 7.82143, 7.8]},
			"faces": {
				"north": {"uv": [7, 3, 8, 4], "texture": "#0", "cullface": "west"},
				"south": {"uv": [8, 3, 9, 4], "texture": "#0", "cullface": "west"},
				"west": {"uv": [7, 3, 9, 4], "texture": "#0", "cullface": "west"},
				"up": {"uv": [7, 3, 9, 4], "rotation": 90, "texture": "#0", "cullface": "west"},
				"down": {"uv": [7, 3, 9, 4], "rotation": 270, "texture": "#0", "cullface": "west"}
			}
		},
		{
			"from": [8, 9, -0.75],
			"to": [13, 10, 0],
			"rotation": {"angle": 0, "axis": "y", "origin": [16, 17, 8]},
			"faces": {
				"north": {"uv": [3, 6, 8, 7], "texture": "#0", "cullface": "north"},
				"east": {"uv": [3, 6, 4, 7], "texture": "#0", "cullface": "north"},
				"west": {"uv": [7, 6, 8, 7], "texture": "#0", "cullface": "north"},
				"up": {"uv": [3, 6, 8, 7], "rotation": 180, "texture": "#0", "cullface": "north"},
				"down": {"uv": [3, 6, 8, 7], "rotation": 180, "texture": "#0", "cullface": "north"}
			}
		},
		{
			"from": [15.92857, 9, 8.02143],
			"to": [16.67857, 10, 13.02143],
			"rotation": {"angle": 0, "axis": "y", "origin": [16.42857, 7.82143, 8.2]},
			"faces": {
				"north": {"uv": [7, 6, 8, 7], "texture": "#0", "cullface": "east"},
				"east": {"uv": [3, 6, 8, 7], "texture": "#0", "cullface": "east"},
				"south": {"uv": [3, 6, 4, 7], "texture": "#0", "cullface": "east"},
				"up": {"uv": [3, 6, 8, 7], "rotation": 270, "texture": "#0", "cullface": "east"},
				"down": {"uv": [3, 6, 8, 7], "rotation": 90, "texture": "#0", "cullface": "east"}
			}
		},
		{
			"from": [3.00714, 9, 15.95],
			"to": [8.00714, 10, 16.7],
			"rotation": {"angle": 0, "axis": "y", "origin": [7.82857, 7.82143, 16.45]},
			"faces": {
				"east": {"uv": [7, 6, 8, 7], "texture": "#0", "cullface": "south"},
				"south": {"uv": [3, 6, 8, 7], "texture": "#0", "cullface": "south"},
				"west": {"uv": [3, 6, 4, 7], "texture": "#0", "cullface": "south"},
				"up": {"uv": [3, 6, 8, 7], "texture": "#0", "cullface": "south"},
				"down": {"uv": [3, 6, 8, 7], "texture": "#0", "cullface": "south"}
			}
		},
		{
			"from": [3.00714, 15.82143, 6.02143],
			"to": [8.00714, 16.57143, 7.02143],
			"rotation": {"angle": 0, "axis": "x", "origin": [7.82857, 16.32143, 8.2]},
			"faces": {
				"north": {"uv": [3, 6, 8, 7], "rotation": 180, "texture": "#0", "cullface": "up"},
				"east": {"uv": [7, 6, 8, 7], "rotation": 90, "texture": "#0", "cullface": "up"},
				"south": {"uv": [3, 6, 8, 7], "texture": "#0", "cullface": "up"},
				"west": {"uv": [3, 6, 4, 7], "rotation": 270, "texture": "#0", "cullface": "up"},
				"up": {"uv": [3, 6, 8, 7], "texture": "#0", "cullface": "up"}
			}
		},
		{
			"from": [3.00714, -0.67857, 9.07857],
			"to": [8.00714, 0.07143, 10.07857],
			"rotation": {"angle": 0, "axis": "x", "origin": [7.82857, -0.42857, 7.9]},
			"faces": {
				"north": {"uv": [3, 6, 8, 7], "rotation": 180, "texture": "#0", "cullface": "down"},
				"east": {"uv": [7, 6, 8, 7], "rotation": 270, "texture": "#0", "cullface": "down"},
				"south": {"uv": [3, 6, 8, 7], "texture": "#0", "cullface": "down"},
				"west": {"uv": [3, 6, 4, 7], "rotation": 90, "texture": "#0", "cullface": "down"},
				"down": {"uv": [3, 6, 8, 7], "texture": "#0", "cullface": "down"}
			}
		},
		{
			"from": [-0.57143, 9, 2.97857],
			"to": [0.17857, 10, 7.97857],
			"rotation": {"angle": 0, "axis": "y", "origin": [-0.32143, 7.82143, 7.8]},
			"faces": {
				"north": {"uv": [3, 6, 4, 7], "texture": "#0", "cullface": "west"},
				"south": {"uv": [7, 6, 8, 7], "texture": "#0", "cullface": "west"},
				"west": {"uv": [3, 6, 8, 7], "texture": "#0", "cullface": "west"},
				"up": {"uv": [3, 6, 8, 7], "rotation": 90, "texture": "#0", "cullface": "west"},
				"down": {"uv": [3, 6, 8, 7], "rotation": 270, "texture": "#0", "cullface": "west"}
			}
		},
		{
			"from": [9, 10, -0.75],
			"to": [11, 11, 0],
			"rotation": {"angle": 0, "axis": "y", "origin": [18, 18, 7]},
			"faces": {
				"north": {"uv": [5, 5, 7, 6], "texture": "#0", "cullface": "north"},
				"east": {"uv": [5, 5, 6, 6], "texture": "#0", "cullface": "north"},
				"west": {"uv": [6, 5, 7, 6], "texture": "#0", "cullface": "north"},
				"up": {"uv": [5, 5, 7, 6], "rotation": 180, "texture": "#0", "cullface": "north"}
			}
		},
		{
			"from": [15.92857, 10, 9.02143],
			"to": [16.67857, 11, 11.02143],
			"rotation": {"angle": 0, "axis": "y", "origin": [16.42857, 7.82143, 8.2]},
			"faces": {
				"north": {"uv": [6, 5, 7, 6], "texture": "#0", "cullface": "east"},
				"east": {"uv": [5, 5, 7, 6], "texture": "#0", "cullface": "east"},
				"south": {"uv": [5, 5, 6, 6], "texture": "#0", "cullface": "east"},
				"up": {"uv": [5, 5, 7, 6], "rotation": 270, "texture": "#0", "cullface": "east"}
			}
		},
		{
			"from": [5.00714, 10, 15.95],
			"to": [7.00714, 11, 16.7],
			"rotation": {"angle": 0, "axis": "y", "origin": [7.82857, 7.82143, 16.45]},
			"faces": {
				"east": {"uv": [6, 5, 7, 6], "texture": "#0", "cullface": "south"},
				"south": {"uv": [5, 5, 7, 6], "texture": "#0", "cullface": "south"},
				"west": {"uv": [5, 5, 6, 6], "texture": "#0", "cullface": "south"},
				"up": {"uv": [5, 5, 7, 6], "texture": "#0", "cullface": "south"}
			}
		},
		{
			"from": [5.00714, 15.82143, 5.02143],
			"to": [7.00714, 16.57143, 6.02143],
			"rotation": {"angle": 0, "axis": "x", "origin": [7.82857, 16.32143, 8.2]},
			"faces": {
				"north": {"uv": [5, 5, 7, 6], "rotation": 180, "texture": "#0", "cullface": "up"},
				"east": {"uv": [6, 5, 7, 6], "rotation": 90, "texture": "#0", "cullface": "up"},
				"west": {"uv": [5, 5, 6, 6], "rotation": 270, "texture": "#0", "cullface": "up"},
				"up": {"uv": [5, 5, 7, 6], "texture": "#0", "cullface": "up"}
			}
		},
		{
			"from": [5.00714, -0.67857, 10.07857],
			"to": [7.00714, 0.07143, 11.07857],
			"rotation": {"angle": 0, "axis": "x", "origin": [7.82857, -0.42857, 7.9]},
			"faces": {
				"east": {"uv": [6, 5, 7, 6], "rotation": 270, "texture": "#0", "cullface": "down"},
				"south": {"uv": [5, 5, 7, 6], "texture": "#0", "cullface": "down"},
				"west": {"uv": [5, 5, 6, 6], "rotation": 90, "texture": "#0", "cullface": "down"},
				"down": {"uv": [5, 5, 7, 6], "texture": "#0", "cullface": "down"}
			}
		},
		{
			"from": [-0.57143, 10, 4.97857],
			"to": [0.17857, 11, 6.97857],
			"rotation": {"angle": 0, "axis": "y", "origin": [-0.32143, 7.82143, 7.8]},
			"faces": {
				"north": {"uv": [5, 5, 6, 6], "texture": "#0", "cullface": "west"},
				"south": {"uv": [6, 5, 7, 6], "texture": "#0", "cullface": "west"},
				"west": {"uv": [5, 5, 7, 6], "texture": "#0", "cullface": "west"},
				"up": {"uv": [5, 5, 7, 6], "rotation": 90, "texture": "#0", "cullface": "west"}
			}
		}
	],
	"display": {
		"thirdperson_righthand": {
			"rotation": [75, 45, 0],
			"translation": [0, 2.5, 0],
			"scale": [0.375, 0.375, 0.375]
		},
		"thirdperson_lefthand": {
			"rotation": [75, 45, 0],
			"translation": [0, 2.5, 0],
			"scale": [0.375, 0.375, 0.375]
		},
		"firstperson_righthand": {
			"rotation": [0, 45, 0],
			"scale": [0.4, 0.4, 0.4]
		},
		"firstperson_lefthand": {
			"rotation": [0, 225, 0],
			"scale": [0.4, 0.4, 0.4]
		},
		"ground": {
			"translation": [0, 3, 0],
			"scale": [0.25, 0.25, 0.25]
		},
		"gui": {
			"rotation": [30, 225, 0],
			"scale": [0.625, 0.625, 0.625]
		},
		"fixed": {
			"scale": [0.5, 0.5, 0.5]
		}
	}
}