{
	"credit": "Made by N0do | GMnodo",
	"ambientocclusion": false,
	"textures": {
		"0": "modeltextures/enchanting_table_side",
		"1": "modeltextures/enchanting_table_top",
		"2": "modeltextures/obsidian",
		"particle": "modeltextures/enchanting_table_side"
	},
	"elements": [
		{
			"name": "Obsidian",
			"from": [3, 1, 3],
			"to": [13, 2, 13],
			"rotation": {"angle": 0, "axis": "y", "origin": [8, 9, 8]},
			"faces": {
				"north": {"uv": [3, 10, 13, 11], "texture": "#2"},
				"east": {"uv": [4, 13, 14, 14], "texture": "#2"},
				"south": {"uv": [6, 10, 16, 11], "texture": "#2"},
				"west": {"uv": [2, 11, 12, 12], "texture": "#2"},
				"up": {"uv": [3, 5, 13, 15], "texture": "#2"}
			}
		},
		{
			"name": "Obsidian",
			"from": [4, 2, 4],
			"to": [12, 3, 12],
			"rotation": {"angle": 0, "axis": "y", "origin": [8, 9, 8]},
			"faces": {
				"north": {"uv": [14, 7, 6, 8], "texture": "#2"},
				"east": {"uv": [0, 7, 8, 8], "texture": "#2"},
				"south": {"uv": [7, 6, 15, 7], "texture": "#2"},
				"west": {"uv": [4, 5, 12, 4], "texture": "#2"},
				"up": {"uv": [1, 1, 9, 9], "texture": "#2"}
			}
		},
		{
			"name": "Obsidian",
			"from": [4, 11, 4],
			"to": [12, 12, 12],
			"rotation": {"angle": 0, "axis": "y", "origin": [8, 18, 8]},
			"faces": {
				"north": {"uv": [14, 7, 6, 8], "texture": "#2"},
				"east": {"uv": [0, 7, 8, 8], "texture": "#2"},
				"south": {"uv": [7, 6, 15, 7], "texture": "#2"},
				"west": {"uv": [4, 5, 12, 4], "texture": "#2"},
				"down": {"uv": [1, 1, 9, 9], "texture": "#2"}
			}
		},
		{
			"name": "Tablecover",
			"from": [0.5, 11, 4],
			"to": [1, 13, 12],
			"rotation": {"angle": 0, "axis": "y", "origin": [0.75, 10.125, 8]},
			"faces": {
				"north": {"uv": [4, 4, 4.5, 6], "texture": "#0"},
				"east": {"uv": [4, 4, 12, 6], "texture": "#0"},
				"south": {"uv": [4, 4, 4.5, 6], "texture": "#0"},
				"west": {"uv": [4, 4, 12, 6], "texture": "#0"},
				"up": {"uv": [4, 4, 12, 4.5], "rotation": 270, "texture": "#0"},
				"down": {"uv": [4, 4, 12, 4.5], "rotation": 90, "texture": "#0"}
			}
		},
		{
			"name": "Tablecover",
			"from": [4, 11, 15],
			"to": [12, 13, 15.5],
			"rotation": {"angle": 0, "axis": "y", "origin": [8, 10.125, 15.25]},
			"faces": {
				"north": {"uv": [4, 4, 12, 6], "texture": "#0"},
				"east": {"uv": [4, 4, 4.5, 6], "texture": "#0"},
				"south": {"uv": [4, 4, 12, 6], "texture": "#0"},
				"west": {"uv": [4, 4, 4.5, 6], "texture": "#0"},
				"up": {"uv": [4, 4, 12, 4.5], "rotation": 180, "texture": "#0"},
				"down": {"uv": [4, 4, 12, 4.5], "rotation": 180, "texture": "#0"}
			}
		},
		{
			"name": "Tablecover",
			"from": [15, 11, 4],
			"to": [15.5, 13, 12],
			"rotation": {"angle": 0, "axis": "y", "origin": [15.25, 10.125, 8]},
			"faces": {
				"north": {"uv": [4, 4, 4.5, 6], "texture": "#0"},
				"east": {"uv": [4, 4, 12, 6], "texture": "#0"},
				"south": {"uv": [4, 4, 4.5, 6], "texture": "#0"},
				"west": {"uv": [4, 4, 12, 6], "texture": "#0"},
				"up": {"uv": [4, 4, 12, 4.5], "rotation": 270, "texture": "#0"},
				"down": {"uv": [4, 4, 12, 4.5], "rotation": 90, "texture": "#0"}
			}
		},
		{
			"name": "Tablecover",
			"from": [4, 11, 0.5],
			"to": [12, 13, 1],
			"rotation": {"angle": 0, "axis": "y", "origin": [8, 9, 8]},
			"faces": {
				"north": {"uv": [4, 4, 12, 6], "texture": "#0"},
				"east": {"uv": [4, 4, 4.5, 6], "texture": "#0"},
				"south": {"uv": [4, 4, 12, 6], "texture": "#0"},
				"west": {"uv": [4, 4, 4.5, 6], "texture": "#0"},
				"up": {"uv": [4, 4, 12, 4.5], "texture": "#0"},
				"down": {"uv": [4, 4, 12, 4.5], "texture": "#0"}
			}
		},
		{
			"name": "Tablecover",
			"from": [0.5, 10, 5],
			"to": [1, 11, 11],
			"rotation": {"angle": 0, "axis": "y", "origin": [0.75, 10.125, 8]},
			"faces": {
				"north": {"uv": [10, 6, 10.5, 7], "texture": "#0"},
				"east": {"uv": [5, 6, 11, 7], "texture": "#0"},
				"south": {"uv": [10, 6, 10.5, 7], "texture": "#0"},
				"west": {"uv": [5, 6, 11, 7], "texture": "#0"},
				"down": {"uv": [5, 6, 11, 7], "rotation": 90, "texture": "#0"}
			}
		},
		{
			"name": "Tablecover",
			"from": [5, 10, 15],
			"to": [11, 11, 15.5],
			"rotation": {"angle": 0, "axis": "y", "origin": [8, 10.125, 15.25]},
			"faces": {
				"north": {"uv": [5, 6, 11, 7], "texture": "#0"},
				"east": {"uv": [10, 6, 10.5, 7], "texture": "#0"},
				"south": {"uv": [5, 6, 11, 7], "texture": "#0"},
				"west": {"uv": [10, 6, 10.5, 7], "texture": "#0"},
				"down": {"uv": [5, 6, 11, 7], "rotation": 180, "texture": "#0"}
			}
		},
		{
			"name": "Tablecover",
			"from": [15, 10, 5],
			"to": [15.5, 11, 11],
			"rotation": {"angle": 0, "axis": "y", "origin": [15.25, 10.125, 8]},
			"faces": {
				"north": {"uv": [10, 6, 10.5, 7], "texture": "#0"},
				"east": {"uv": [5, 6, 11, 7], "texture": "#0"},
				"south": {"uv": [10, 6, 10.5, 7], "texture": "#0"},
				"west": {"uv": [5, 6, 11, 7], "texture": "#0"},
				"down": {"uv": [5, 6, 11, 7], "rotation": 90, "texture": "#0"}
			}
		},
		{
			"name": "Tablecover",
			"from": [5, 10, 0.5],
			"to": [11, 11, 1],
			"rotation": {"angle": 0, "axis": "y", "origin": [8, 9, 8]},
			"faces": {
				"north": {"uv": [5, 6, 11, 7], "texture": "#0"},
				"east": {"uv": [10, 6, 10.5, 7], "texture": "#0"},
				"south": {"uv": [5, 6, 11, 7], "texture": "#0"},
				"west": {"uv": [10, 6, 10.5, 7], "texture": "#0"},
				"down": {"uv": [5, 6, 11, 7], "texture": "#0"}
			}
		},
		{
			"name": "Tablecover",
			"from": [0.5, 9, 6],
			"to": [1, 10, 10],
			"rotation": {"angle": 0, "axis": "y", "origin": [0.75, 10.125, 8]},
			"faces": {
				"north": {"uv": [6, 7, 6.5, 8], "texture": "#0"},
				"east": {"uv": [6, 7, 10, 8], "texture": "#0"},
				"south": {"uv": [6, 7, 6.5, 8], "texture": "#0"},
				"west": {"uv": [6, 7, 10, 8], "texture": "#0"},
				"down": {"uv": [6, 7, 10, 7.5], "rotation": 90, "texture": "#0"}
			}
		},
		{
			"name": "Tablecover",
			"from": [6, 9, 15],
			"to": [10, 10, 15.5],
			"rotation": {"angle": 0, "axis": "y", "origin": [8, 10.125, 15.25]},
			"faces": {
				"north": {"uv": [6, 7, 10, 8], "texture": "#0"},
				"east": {"uv": [6, 7, 6.5, 8], "texture": "#0"},
				"south": {"uv": [6, 7, 10, 8], "texture": "#0"},
				"west": {"uv": [6, 7, 6.5, 8], "texture": "#0"},
				"down": {"uv": [6, 7, 10, 7.5], "rotation": 180, "texture": "#0"}
			}
		},
		{
			"name": "Tablecover",
			"from": [15, 9, 6],
			"to": [15.5, 10, 10],
			"rotation": {"angle": 0, "axis": "y", "origin": [15.25, 10.125, 8]},
			"faces": {
				"north": {"uv": [6, 7, 6.5, 8], "texture": "#0"},
				"east": {"uv": [6, 7, 10, 8], "texture": "#0"},
				"south": {"uv": [6, 7, 6.5, 8], "texture": "#0"},
				"west": {"uv": [6, 7, 10, 8], "texture": "#0"},
				"down": {"uv": [6, 7, 10, 7.5], "rotation": 90, "texture": "#0"}
			}
		},
		{
			"name": "Tablecover",
			"from": [6, 9, 0.5],
			"to": [10, 10, 1],
			"rotation": {"angle": 0, "axis": "y", "origin": [8, 9, 8]},
			"faces": {
				"north": {"uv": [6, 7, 10, 8], "texture": "#0"},
				"east": {"uv": [6, 7, 6.5, 8], "texture": "#0"},
				"south": {"uv": [6, 7, 10, 8], "texture": "#0"},
				"west": {"uv": [6, 7, 6.5, 8], "texture": "#0"},
				"down": {"uv": [6, 7, 10, 7.5], "texture": "#0"}
			}
		},
		{
			"name": "Tablecover",
			"from": [0.5, 8, 7],
			"to": [1, 9, 9],
			"rotation": {"angle": 0, "axis": "y", "origin": [0.75, 10.125, 8]},
			"faces": {
				"north": {"uv": [7, 8, 9, 9], "texture": "#0"},
				"east": {"uv": [7, 8, 9, 9], "texture": "#0"},
				"south": {"uv": [7, 8, 9, 9], "texture": "#0"},
				"west": {"uv": [7, 8, 9, 9], "texture": "#0"},
				"down": {"uv": [7, 8, 9, 9], "rotation": 90, "texture": "#0"}
			}
		},
		{
			"name": "Tablecover",
			"from": [7, 8, 15],
			"to": [9, 9, 15.5],
			"rotation": {"angle": 0, "axis": "y", "origin": [8, 10.125, 15.25]},
			"faces": {
				"north": {"uv": [7, 8, 9, 9], "texture": "#0"},
				"east": {"uv": [7, 8, 9, 9], "texture": "#0"},
				"south": {"uv": [7, 8, 9, 9], "texture": "#0"},
				"west": {"uv": [7, 8, 9, 9], "texture": "#0"},
				"down": {"uv": [7, 8, 9, 9], "rotation": 180, "texture": "#0"}
			}
		},
		{
			"name": "Tablecover",
			"from": [15, 8, 7],
			"to": [15.5, 9, 9],
			"rotation": {"angle": 0, "axis": "y", "origin": [15.25, 10.125, 8]},
			"faces": {
				"north": {"uv": [7, 8, 9, 9], "texture": "#0"},
				"east": {"uv": [7, 8, 9, 9], "texture": "#0"},
				"south": {"uv": [7, 8, 9, 9], "texture": "#0"},
				"west": {"uv": [7, 8, 9, 9], "texture": "#0"},
				"down": {"uv": [7, 8, 9, 9], "rotation": 90, "texture": "#0"}
			}
		},
		{
			"name": "Tablecover",
			"from": [7, 8, 0.5],
			"to": [9, 9, 1],
			"rotation": {"angle": 0, "axis": "y", "origin": [8, 9, 8]},
			"faces": {
				"north": {"uv": [7, 8, 9, 9], "texture": "#0"},
				"east": {"uv": [7, 8, 9, 9], "texture": "#0"},
				"south": {"uv": [7, 8, 9, 9], "texture": "#0"},
				"west": {"uv": [7, 8, 9, 9], "texture": "#0"},
				"down": {"uv": [7, 8, 9, 9], "texture": "#0"}
			}
		},
		{
			"from": [6, 3, 6],
			"to": [10, 12, 10],
			"rotation": {"angle": 0, "axis": "y", "origin": [8, 9, 8]},
			"faces": {
				"north": {"uv": [9, 4, 13, 13], "texture": "#2"},
				"east": {"uv": [2.75, 2.375, 6.75, 11.375], "texture": "#2"},
				"south": {"uv": [10, 6, 14, 15], "texture": "#2"},
				"west": {"uv": [3, 1, 7, 10], "texture": "#2"}
			}
		},
		{
			"from": [1, 12, 1],
			"to": [15, 13, 15],
			"rotation": {"angle": 0, "axis": "y", "origin": [8, 9, 8]},
			"faces": {
				"east": {"uv": [1, 8, 15, 9], "texture": "#1"},
				"west": {"uv": [1, 8, 15, 9], "texture": "#1"},
				"up": {"uv": [1, 1, 15, 15], "texture": "#1"},
				"down": {"uv": [1, 1, 15, 15], "texture": "#2"}
			}
		},
		{
			"from": [13.5, 14, 13.5],
			"to": [14.5, 14.5, 14.5],
			"rotation": {"angle": 0, "axis": "y", "origin": [20, 9, 10]},
			"faces": {
				"north": {"uv": [3.1, 13.1, 3.9, 14.9], "texture": "#1"},
				"east": {"uv": [3.1, 13.1, 3.9, 14.9], "texture": "#1"},
				"south": {"uv": [3.1, 13.1, 3.9, 14.9], "texture": "#1"},
				"west": {"uv": [3.1, 13.1, 3.9, 14.9], "texture": "#1"},
				"up": {"uv": [3.1, 13.1, 3.9, 14.9], "texture": "#1"}
			}
		},
		{
			"from": [1.5, 14, 13.5],
			"to": [2.5, 14.5, 14.5],
			"rotation": {"angle": 0, "axis": "y", "origin": [8, 9, 10]},
			"faces": {
				"north": {"uv": [3.1, 13.1, 3.9, 14.9], "texture": "#1"},
				"east": {"uv": [3.1, 13.1, 3.9, 14.9], "texture": "#1"},
				"south": {"uv": [3.1, 13.1, 3.9, 14.9], "texture": "#1"},
				"west": {"uv": [3.1, 13.1, 3.9, 14.9], "texture": "#1"},
				"up": {"uv": [3.1, 13.1, 3.9, 14.9], "texture": "#1"}
			}
		},
		{
			"from": [13.5, 14, 1.45],
			"to": [14.5, 14.5, 2.45],
			"rotation": {"angle": 0, "axis": "y", "origin": [20, 9, -2.05]},
			"faces": {
				"north": {"uv": [3.1, 13.1, 3.9, 14.9], "texture": "#1"},
				"east": {"uv": [3.1, 13.1, 3.9, 14.9], "texture": "#1"},
				"south": {"uv": [3.1, 13.1, 3.9, 14.9], "texture": "#1"},
				"west": {"uv": [3.1, 13.1, 3.9, 14.9], "texture": "#1"},
				"up": {"uv": [3.1, 13.1, 3.9, 14.9], "texture": "#1"}
			}
		},
		{
			"from": [1.5, 14, 1.45],
			"to": [2.5, 14.5, 2.45],
			"rotation": {"angle": 0, "axis": "y", "origin": [8, 9, -2.05]},
			"faces": {
				"north": {"uv": [3.1, 13.1, 3.9, 14.9], "texture": "#1"},
				"east": {"uv": [3.1, 13.1, 3.9, 14.9], "texture": "#1"},
				"south": {"uv": [3.1, 13.1, 3.9, 14.9], "texture": "#1"},
				"west": {"uv": [3.1, 13.1, 3.9, 14.9], "texture": "#1"},
				"up": {"uv": [3.1, 13.1, 3.9, 14.9], "texture": "#1"}
			}
		},
		{
			"from": [13.5, 9.5, 13.5],
			"to": [14.5, 10, 14.5],
			"rotation": {"angle": 0, "axis": "y", "origin": [20, 9, 10]},
			"faces": {
				"north": {"uv": [3.1, 13.1, 3.9, 14.9], "texture": "#1"},
				"east": {"uv": [3.1, 13.1, 3.9, 14.9], "texture": "#1"},
				"south": {"uv": [3.1, 13.1, 3.9, 14.9], "texture": "#1"},
				"west": {"uv": [3.1, 13.1, 3.9, 14.9], "texture": "#1"},
				"down": {"uv": [3.1, 13.1, 3.9, 14.9], "texture": "#1"}
			}
		},
		{
			"from": [1.5, 9.5, 13.5],
			"to": [2.5, 10, 14.5],
			"rotation": {"angle": 0, "axis": "y", "origin": [8, 9, 10]},
			"faces": {
				"north": {"uv": [3.1, 13.1, 3.9, 14.9], "texture": "#1"},
				"east": {"uv": [3.1, 13.1, 3.9, 14.9], "texture": "#1"},
				"south": {"uv": [3.1, 13.1, 3.9, 14.9], "texture": "#1"},
				"west": {"uv": [3.1, 13.1, 3.9, 14.9], "texture": "#1"},
				"down": {"uv": [3.1, 13.1, 3.9, 14.9], "texture": "#1"}
			}
		},
		{
			"from": [13.5, 9.5, 1.45],
			"to": [14.5, 10, 2.45],
			"rotation": {"angle": 0, "axis": "y", "origin": [20, 9, -2.05]},
			"faces": {
				"north": {"uv": [3.1, 13.1, 3.9, 14.9], "texture": "#1"},
				"east": {"uv": [3.1, 13.1, 3.9, 14.9], "texture": "#1"},
				"south": {"uv": [3.1, 13.1, 3.9, 14.9], "texture": "#1"},
				"west": {"uv": [3.1, 13.1, 3.9, 14.9], "texture": "#1"},
				"down": {"uv": [3.1, 13.1, 3.9, 14.9], "texture": "#1"}
			}
		},
		{
			"from": [1.5, 9.5, 1.45],
			"to": [2.5, 10, 2.45],
			"rotation": {"angle": 0, "axis": "y", "origin": [8, 9, -2.05]},
			"faces": {
				"north": {"uv": [3.1, 13.1, 3.9, 14.9], "texture": "#1"},
				"east": {"uv": [3.1, 13.1, 3.9, 14.9], "texture": "#1"},
				"south": {"uv": [3.1, 13.1, 3.9, 14.9], "texture": "#1"},
				"west": {"uv": [3.1, 13.1, 3.9, 14.9], "texture": "#1"},
				"down": {"uv": [3.1, 13.1, 3.9, 14.9], "texture": "#1"}
			}
		},
		{
			"from": [13, 13.5, 13],
			"to": [15, 14, 15],
			"rotation": {"angle": 0, "axis": "y", "origin": [20, 9, 10]},
			"faces": {
				"north": {"uv": [3.1, 13.1, 3.9, 14.9], "texture": "#1"},
				"east": {"uv": [3.1, 13.1, 3.9, 14.9], "texture": "#1"},
				"south": {"uv": [3.1, 13.1, 3.9, 14.9], "texture": "#1"},
				"west": {"uv": [3.1, 13.1, 3.9, 14.9], "texture": "#1"},
				"up": {"uv": [3.1, 13.1, 3.9, 14.9], "texture": "#1"}
			}
		},
		{
			"from": [1, 13.5, 13],
			"to": [3, 14, 15],
			"rotation": {"angle": 0, "axis": "y", "origin": [8, 9, 10]},
			"faces": {
				"north": {"uv": [3.1, 13.1, 3.9, 14.9], "texture": "#1"},
				"east": {"uv": [3.1, 13.1, 3.9, 14.9], "texture": "#1"},
				"south": {"uv": [3.1, 13.1, 3.9, 14.9], "texture": "#1"},
				"west": {"uv": [3.1, 13.1, 3.9, 14.9], "texture": "#1"},
				"up": {"uv": [3.1, 13.1, 3.9, 14.9], "texture": "#1"}
			}
		},
		{
			"from": [13, 13.5, 0.95],
			"to": [15, 14, 2.95],
			"rotation": {"angle": 0, "axis": "y", "origin": [20, 9, -2.05]},
			"faces": {
				"north": {"uv": [3.1, 13.1, 3.9, 14.9], "texture": "#1"},
				"east": {"uv": [3.1, 13.1, 3.9, 14.9], "texture": "#1"},
				"south": {"uv": [3.1, 13.1, 3.9, 14.9], "texture": "#1"},
				"west": {"uv": [3.1, 13.1, 3.9, 14.9], "texture": "#1"},
				"up": {"uv": [3.1, 13.1, 3.9, 14.9], "texture": "#1"}
			}
		},
		{
			"from": [1, 13.5, 0.95],
			"to": [3, 14, 2.95],
			"rotation": {"angle": 0, "axis": "y", "origin": [8, 9, -2.05]},
			"faces": {
				"north": {"uv": [3.1, 13.1, 3.9, 14.9], "texture": "#1"},
				"east": {"uv": [3.1, 13.1, 3.9, 14.9], "texture": "#1"},
				"south": {"uv": [3.1, 13.1, 3.9, 14.9], "texture": "#1"},
				"west": {"uv": [3.1, 13.1, 3.9, 14.9], "texture": "#1"},
				"up": {"uv": [3.1, 13.1, 3.9, 14.9], "texture": "#1"}
			}
		},
		{
			"from": [13, 10, 13],
			"to": [15, 10.5, 15],
			"rotation": {"angle": 0, "axis": "y", "origin": [20, 9, 10]},
			"faces": {
				"north": {"uv": [3.1, 13.1, 3.9, 14.9], "texture": "#1"},
				"east": {"uv": [3.1, 13.1, 3.9, 14.9], "texture": "#1"},
				"south": {"uv": [3.1, 13.1, 3.9, 14.9], "texture": "#1"},
				"west": {"uv": [3.1, 13.1, 3.9, 14.9], "texture": "#1"},
				"down": {"uv": [3.1, 13.1, 3.9, 14.9], "texture": "#1"}
			}
		},
		{
			"from": [1, 10, 13],
			"to": [3, 10.5, 15],
			"rotation": {"angle": 0, "axis": "y", "origin": [8, 9, 10]},
			"faces": {
				"north": {"uv": [3.1, 13.1, 3.9, 14.9], "texture": "#1"},
				"east": {"uv": [3.1, 13.1, 3.9, 14.9], "texture": "#1"},
				"south": {"uv": [3.1, 13.1, 3.9, 14.9], "texture": "#1"},
				"west": {"uv": [3.1, 13.1, 3.9, 14.9], "texture": "#1"},
				"down": {"uv": [3.1, 13.1, 3.9, 14.9], "texture": "#1"}
			}
		},
		{
			"from": [13, 10, 0.95],
			"to": [15, 10.5, 2.95],
			"rotation": {"angle": 0, "axis": "y", "origin": [20, 9, -2.05]},
			"faces": {
				"north": {"uv": [3.1, 13.1, 3.9, 14.9], "texture": "#1"},
				"east": {"uv": [3.1, 13.1, 3.9, 14.9], "texture": "#1"},
				"south": {"uv": [3.1, 13.1, 3.9, 14.9], "texture": "#1"},
				"west": {"uv": [3.1, 13.1, 3.9, 14.9], "texture": "#1"},
				"down": {"uv": [3.1, 13.1, 3.9, 14.9], "texture": "#1"}
			}
		},
		{
			"from": [1, 10, 0.95],
			"to": [3, 10.5, 2.95],
			"rotation": {"angle": 0, "axis": "y", "origin": [8, 9, -2.05]},
			"faces": {
				"north": {"uv": [3.1, 13.1, 3.9, 14.9], "texture": "#1"},
				"east": {"uv": [3.1, 13.1, 3.9, 14.9], "texture": "#1"},
				"south": {"uv": [3.1, 13.1, 3.9, 14.9], "texture": "#1"},
				"west": {"uv": [3.1, 13.1, 3.9, 14.9], "texture": "#1"},
				"down": {"uv": [3.1, 13.1, 3.9, 14.9], "texture": "#1"}
			}
		},
		{
			"from": [12.99, 10.5, 12],
			"to": [15.01, 13.5, 16],
			"rotation": {"angle": 0, "axis": "y", "origin": [20, 9, 20]},
			"faces": {
				"north": {"uv": [3.1, 13.1, 3.9, 14.9], "texture": "#1"},
				"east": {"uv": [3.1, 13.1, 3.9, 14.9], "texture": "#1"},
				"south": {"uv": [3.1, 13.1, 3.9, 14.9], "texture": "#1", "cullface": "south"},
				"west": {"uv": [3.1, 13.1, 3.9, 14.9], "texture": "#1"},
				"up": {"uv": [3.1, 13.1, 3.9, 14.9], "texture": "#1"},
				"down": {"uv": [3.1, 13.1, 3.9, 14.9], "texture": "#1"}
			}
		},
		{
			"from": [0.99, 10.5, 12],
			"to": [3.01, 13.5, 16],
			"rotation": {"angle": 0, "axis": "y", "origin": [8, 9, 20]},
			"faces": {
				"north": {"uv": [3.1, 13.1, 3.9, 14.9], "texture": "#1"},
				"east": {"uv": [3.1, 13.1, 3.9, 14.9], "texture": "#1"},
				"south": {"uv": [3.1, 13.1, 3.9, 14.9], "texture": "#1", "cullface": "south"},
				"west": {"uv": [3.1, 13.1, 3.9, 14.9], "texture": "#1"},
				"up": {"uv": [3.1, 13.1, 3.9, 14.9], "texture": "#1"},
				"down": {"uv": [3.1, 13.1, 3.9, 14.9], "texture": "#1"}
			}
		},
		{
			"from": [12.99, 10.5, -0.05],
			"to": [15.01, 13.5, 3.95],
			"rotation": {"angle": 0, "axis": "y", "origin": [20, 9, 7.95]},
			"faces": {
				"north": {"uv": [3.1, 13.1, 3.9, 14.9], "texture": "#1", "cullface": "north"},
				"east": {"uv": [3.1, 13.1, 3.9, 14.9], "texture": "#1"},
				"south": {"uv": [3.1, 13.1, 3.9, 14.9], "texture": "#1"},
				"west": {"uv": [3.1, 13.1, 3.9, 14.9], "texture": "#1"},
				"up": {"uv": [3.1, 13.1, 3.9, 14.9], "texture": "#1"},
				"down": {"uv": [3.1, 13.1, 3.9, 14.9], "texture": "#1"}
			}
		},
		{
			"from": [0.99, 10.5, -0.05],
			"to": [3.01, 13.5, 3.95],
			"rotation": {"angle": 0, "axis": "y", "origin": [8, 9, 7.95]},
			"faces": {
				"north": {"uv": [3.1, 13.1, 3.9, 14.9], "texture": "#1", "cullface": "north"},
				"east": {"uv": [3.1, 13.1, 3.9, 14.9], "texture": "#1"},
				"south": {"uv": [3.1, 13.1, 3.9, 14.9], "texture": "#1"},
				"west": {"uv": [3.1, 13.1, 3.9, 14.9], "texture": "#1"},
				"up": {"uv": [3.1, 13.1, 3.9, 14.9], "texture": "#1"},
				"down": {"uv": [3.1, 13.1, 3.9, 14.9], "texture": "#1"}
			}
		},
		{
			"from": [12, 10.5, 13],
			"to": [16, 13.5, 15.01],
			"rotation": {"angle": 0, "axis": "y", "origin": [20, 9, 20]},
			"faces": {
				"north": {"uv": [3.1, 13.1, 3.9, 14.9], "texture": "#1"},
				"east": {"uv": [3.1, 13.1, 3.9, 14.9], "texture": "#1", "cullface": "east"},
				"south": {"uv": [3.1, 13.1, 3.9, 14.9], "texture": "#1"},
				"west": {"uv": [3.1, 13.1, 3.9, 14.9], "texture": "#1"},
				"up": {"uv": [3.1, 13.1, 3.9, 14.9], "texture": "#1"},
				"down": {"uv": [3.1, 13.1, 3.9, 14.9], "texture": "#1"}
			}
		},
		{
			"from": [0, 10.5, 13],
			"to": [4, 13.5, 15.01],
			"rotation": {"angle": 0, "axis": "y", "origin": [8, 9, 20]},
			"faces": {
				"north": {"uv": [3.1, 13.1, 3.9, 14.9], "texture": "#1"},
				"east": {"uv": [3.1, 13.1, 3.9, 14.9], "texture": "#1"},
				"south": {"uv": [3.1, 13.1, 3.9, 14.9], "texture": "#1"},
				"west": {"uv": [3.1, 13.1, 3.9, 14.9], "texture": "#1", "cullface": "west"},
				"up": {"uv": [3.1, 13.1, 3.9, 14.9], "texture": "#1"},
				"down": {"uv": [3.1, 13.1, 3.9, 14.9], "texture": "#1"}
			}
		},
		{
			"from": [12, 10.5, 0.95],
			"to": [16, 13.5, 2.96],
			"rotation": {"angle": 0, "axis": "y", "origin": [20, 9, 7.95]},
			"faces": {
				"north": {"uv": [3.1, 13.1, 3.9, 14.9], "texture": "#1"},
				"east": {"uv": [3.1, 13.1, 3.9, 14.9], "texture": "#1", "cullface": "east"},
				"south": {"uv": [3.1, 13.1, 3.9, 14.9], "texture": "#1"},
				"west": {"uv": [3.1, 13.1, 3.9, 14.9], "texture": "#1"},
				"up": {"uv": [3.1, 13.1, 3.9, 14.9], "texture": "#1"},
				"down": {"uv": [3.1, 13.1, 3.9, 14.9], "texture": "#1"}
			}
		},
		{
			"from": [0, 10.5, 0.95],
			"to": [4, 13.5, 2.96],
			"rotation": {"angle": 0, "axis": "y", "origin": [8, 9, 7.95]},
			"faces": {
				"north": {"uv": [3.1, 13.1, 3.9, 14.9], "texture": "#1"},
				"east": {"uv": [3.1, 13.1, 3.9, 14.9], "texture": "#1"},
				"south": {"uv": [3.1, 13.1, 3.9, 14.9], "texture": "#1"},
				"west": {"uv": [3.1, 13.1, 3.9, 14.9], "texture": "#1", "cullface": "west"},
				"up": {"uv": [3.1, 13.1, 3.9, 14.9], "texture": "#1"},
				"down": {"uv": [3.1, 13.1, 3.9, 14.9], "texture": "#1"}
			}
		},
		{
			"from": [0, 0, 0],
			"to": [16, 1.05, 16],
			"faces": {
				"north": {"uv": [0, 0, 16, 1], "texture": "#2", "cullface": "north"},
				"east": {"uv": [0, 11, 16, 12], "texture": "#2", "cullface": "east"},
				"south": {"uv": [0, 3, 16, 4], "texture": "#2", "cullface": "south"},
				"west": {"uv": [0, 9, 16, 10], "texture": "#2", "cullface": "west"},
				"up": {"uv": [0, 0, 16, 16], "texture": "#2"},
				"down": {"uv": [0, 0, 16, 16], "texture": "#2", "cullface": "down"}
			}
		}
	],
	"display": {
		"thirdperson_righthand": {
			"rotation": [75, 45, 0],
			"translation": [0, 2.5, 0],
			"scale": [0.375, 0.375, 0.375]
		},
		"thirdperson_lefthand": {
			"rotation": [75, 45, 0],
			"translation": [0, 2.5, 0],
			"scale": [0.375, 0.375, 0.375]
		},
		"firstperson_righthand": {
			"rotation": [0, 45, 0],
			"scale": [0.4, 0.4, 0.4]
		},
		"firstperson_lefthand": {
			"rotation": [0, 225, 0],
			"scale": [0.4, 0.4, 0.4]
		},
		"ground": {
			"translation": [0, 3, 0],
			"scale": [0.25, 0.25, 0.25]
		},
		"gui": {
			"rotation": [30, 225, 0],
			"scale": [0.625, 0.625, 0.625]
		},
		"head": {
			"translation": [0, 3.5, 0]
		},
		"fixed": {
			"scale": [0.5, 0.5, 0.5]
		}
	}
}