{
	"credit": "Made by N0do | GMnodo",
	"textures": {
		"0": "modeltextures/end_stone_bricks",
		"particle": "modeltextures/end_stone_bricks"
	},
	"elements": [
		{
			"from": [0, 7, 0],
			"to": [16, 15, 16],
			"rotation": {"angle": 0, "axis": "y", "origin": [8, 15, 8]},
			"faces": {
				"north": {"uv": [0, 0, 16, 8], "texture": "#0", "cullface": "north"},
				"east": {"uv": [0, 0, 16, 8], "texture": "#0", "cullface": "east"},
				"south": {"uv": [0, 0, 16, 8], "texture": "#0", "cullface": "south"},
				"west": {"uv": [0, 0, 16, 8], "texture": "#0", "cullface": "west"},
				"up": {"uv": [0, 0, 16, 16], "texture": "#0"},
				"down": {"uv": [0, 0, 16, 16], "texture": "#0"}
			}
		},
		{
			"from": [0, 8, -1],
			"to": [7, 15.05, 0],
			"rotation": {"angle": 0, "axis": "y", "origin": [7.75, 11.5, 8]},
			"faces": {
				"north": {"uv": [9, 8, 16, 15], "texture": "#0", "cullface": "north"},
				"east": {"uv": [9, 8, 10, 15], "texture": "#0", "cullface": "north"},
				"west": {"uv": [15, 8, 16, 15], "texture": "#0", "cullface": "west"},
				"up": {"uv": [9, 8, 16, 9], "texture": "#0", "cullface": "north"},
				"down": {"uv": [9, 14, 16, 15], "texture": "#0", "cullface": "north"}
			}
		},
		{
			"from": [0, 15, 0],
			"to": [16, 16, 7],
			"rotation": {"angle": 0, "axis": "x", "origin": [8.25, 7, 3.5]},
			"faces": {
				"north": {"uv": [0, 0, 16, 1], "texture": "#0", "cullface": "north"},
				"east": {"uv": [15, 0, 16, 7], "rotation": 90, "texture": "#0", "cullface": "east"},
				"south": {"uv": [0, 6, 16, 7], "rotation": 180, "texture": "#0"},
				"west": {"uv": [0, 0, 1, 7], "rotation": 270, "texture": "#0", "cullface": "west"},
				"up": {"uv": [0, 0, 16, 7], "texture": "#0", "cullface": "up"}
			}
		},
		{
			"from": [0, 6, 9],
			"to": [16, 7, 16],
			"rotation": {"angle": 0, "axis": "x", "origin": [8.25, -2, 12.5]},
			"faces": {
				"north": {"uv": [0, 0, 16, 1], "texture": "#0"},
				"east": {"uv": [15, 0, 16, 7], "rotation": 90, "texture": "#0", "cullface": "east"},
				"south": {"uv": [0, 6, 16, 7], "rotation": 180, "texture": "#0", "cullface": "south"},
				"west": {"uv": [0, 0, 1, 7], "rotation": 270, "texture": "#0", "cullface": "west"},
				"down": {"uv": [0, 0, 16, 7], "rotation": 180, "texture": "#0"}
			}
		},
		{
			"from": [-1, 8, 8.75],
			"to": [0, 15.05, 15.75],
			"rotation": {"angle": 0, "axis": "y", "origin": [8, 11.5, 8]},
			"faces": {
				"north": {"uv": [9, 8, 10, 15], "texture": "#0", "cullface": "west"},
				"east": {"uv": [9, 8, 16, 15], "texture": "#0", "cullface": "west"},
				"south": {"uv": [15, 8, 16, 15], "texture": "#0", "cullface": "west"},
				"west": {"uv": [9, 8, 16, 15], "texture": "#0", "cullface": "west"},
				"up": {"uv": [9, 8, 16, 9], "rotation": 270, "texture": "#0", "cullface": "west"},
				"down": {"uv": [9, 14, 16, 15], "rotation": 90, "texture": "#0", "cullface": "west"}
			}
		},
		{
			"from": [0, 15, 8],
			"to": [7, 16, 15],
			"rotation": {"angle": 0, "axis": "x", "origin": [7.75, 7, 11.5]},
			"faces": {
				"north": {"uv": [9, 8, 16, 9], "rotation": 180, "texture": "#0"},
				"east": {"uv": [9, 8, 10, 15], "rotation": 90, "texture": "#0"},
				"south": {"uv": [9, 14, 16, 15], "texture": "#0"},
				"west": {"uv": [15, 8, 16, 15], "rotation": 270, "texture": "#0", "cullface": "west"},
				"up": {"uv": [9, 8, 16, 15], "texture": "#0", "cullface": "up"}
			}
		},
		{
			"from": [0, 6, 1],
			"to": [7, 7, 8],
			"rotation": {"angle": 0, "axis": "x", "origin": [7.75, -2, 4.5]},
			"faces": {
				"north": {"uv": [9, 8, 16, 9], "rotation": 180, "texture": "#0"},
				"east": {"uv": [9, 8, 10, 15], "rotation": 90, "texture": "#0"},
				"south": {"uv": [9, 14, 16, 15], "texture": "#0"},
				"west": {"uv": [15, 8, 16, 15], "rotation": 270, "texture": "#0", "cullface": "west"},
				"down": {"uv": [9, 8, 16, 15], "rotation": 180, "texture": "#0"}
			}
		},
		{
			"from": [0, 8, 16],
			"to": [7, 14.95, 17],
			"rotation": {"angle": 0, "axis": "y", "origin": [7.75, 11.5, 8]},
			"faces": {
				"east": {"uv": [9, 8, 10, 15], "texture": "#0", "cullface": "south"},
				"south": {"uv": [9, 8, 16, 15], "texture": "#0", "cullface": "south"},
				"west": {"uv": [15, 8, 16, 15], "texture": "#0", "cullface": "west"},
				"up": {"uv": [9, 8, 16, 9], "texture": "#0", "cullface": "south"},
				"down": {"uv": [9, 14, 16, 15], "texture": "#0", "cullface": "south"}
			}
		},
		{
			"from": [16, 8, 8.75],
			"to": [17, 14.95, 15.75],
			"rotation": {"angle": 0, "axis": "y", "origin": [8, 11.5, 8]},
			"faces": {
				"north": {"uv": [9, 8, 10, 15], "texture": "#0", "cullface": "east"},
				"east": {"uv": [9, 8, 16, 15], "texture": "#0", "cullface": "east"},
				"south": {"uv": [15, 8, 16, 15], "texture": "#0", "cullface": "east"},
				"up": {"uv": [9, 8, 16, 9], "rotation": 270, "texture": "#0", "cullface": "east"},
				"down": {"uv": [9, 14, 16, 15], "rotation": 90, "texture": "#0", "cullface": "east"}
			}
		},
		{
			"from": [8, 8, -1],
			"to": [16, 15.05, 0],
			"rotation": {"angle": 0, "axis": "y", "origin": [7.75, 11.5, 8]},
			"faces": {
				"north": {"uv": [0, 8, 8, 15], "texture": "#0", "cullface": "north"},
				"east": {"uv": [0, 8, 1, 15], "texture": "#0", "cullface": "north"},
				"west": {"uv": [7, 8, 8, 15], "texture": "#0", "cullface": "north"},
				"up": {"uv": [0, 8, 8, 9], "texture": "#0", "cullface": "north"},
				"down": {"uv": [0, 14, 8, 15], "texture": "#0", "cullface": "north"}
			}
		},
		{
			"from": [-1, 8, -0.25],
			"to": [0, 15.05, 7.75],
			"rotation": {"angle": 0, "axis": "y", "origin": [8, 11.5, 8]},
			"faces": {
				"north": {"uv": [0, 8, 1, 15], "texture": "#0", "cullface": "west"},
				"east": {"uv": [0, 8, 8, 15], "texture": "#0", "cullface": "west"},
				"south": {"uv": [7, 8, 8, 15], "texture": "#0", "cullface": "west"},
				"west": {"uv": [0, 8, 8, 15], "texture": "#0", "cullface": "west"},
				"up": {"uv": [0, 8, 8, 9], "rotation": 270, "texture": "#0", "cullface": "west"},
				"down": {"uv": [0, 14, 8, 15], "rotation": 90, "texture": "#0", "cullface": "west"}
			}
		},
		{
			"from": [8, 15, 8],
			"to": [16, 16, 15],
			"rotation": {"angle": 0, "axis": "x", "origin": [7.75, 7, 11.5]},
			"faces": {
				"north": {"uv": [0, 8, 8, 9], "rotation": 180, "texture": "#0"},
				"east": {"uv": [0, 8, 1, 15], "rotation": 90, "texture": "#0", "cullface": "east"},
				"south": {"uv": [0, 14, 8, 15], "texture": "#0"},
				"west": {"uv": [7, 8, 8, 15], "rotation": 270, "texture": "#0"},
				"up": {"uv": [0, 8, 8, 15], "texture": "#0", "cullface": "up"}
			}
		},
		{
			"from": [8, 6, 1],
			"to": [16, 7, 8],
			"rotation": {"angle": 0, "axis": "x", "origin": [7.75, -2, 4.5]},
			"faces": {
				"north": {"uv": [0, 8, 8, 9], "rotation": 180, "texture": "#0"},
				"east": {"uv": [0, 8, 1, 15], "rotation": 90, "texture": "#0", "cullface": "east"},
				"south": {"uv": [0, 14, 8, 15], "texture": "#0"},
				"west": {"uv": [7, 8, 8, 15], "rotation": 270, "texture": "#0"},
				"down": {"uv": [0, 8, 8, 15], "rotation": 180, "texture": "#0"}
			}
		},
		{
			"from": [8, 8, 16],
			"to": [16, 14.95, 17],
			"rotation": {"angle": 0, "axis": "y", "origin": [7.75, 11.5, 8]},
			"faces": {
				"east": {"uv": [0, 8, 1, 15], "texture": "#0", "cullface": "east"},
				"south": {"uv": [0, 8, 8, 15], "texture": "#0", "cullface": "south"},
				"west": {"uv": [7, 8, 8, 15], "texture": "#0", "cullface": "south"},
				"up": {"uv": [0, 8, 8, 9], "texture": "#0", "cullface": "south"},
				"down": {"uv": [0, 14, 8, 15], "texture": "#0", "cullface": "south"}
			}
		},
		{
			"from": [15.75, 8, -0.25],
			"to": [16.75, 14.95, 7.75],
			"rotation": {"angle": 0, "axis": "y", "origin": [7.75, 11.5, 8]},
			"faces": {
				"north": {"uv": [0, 8, 1, 15], "texture": "#0", "cullface": "north"},
				"east": {"uv": [0, 8, 8, 15], "texture": "#0", "cullface": "east"},
				"south": {"uv": [7, 8, 8, 15], "texture": "#0", "cullface": "east"},
				"up": {"uv": [0, 8, 8, 9], "rotation": 270, "texture": "#0", "cullface": "east"},
				"down": {"uv": [0, 14, 8, 15], "rotation": 90, "texture": "#0", "cullface": "east"}
			}
		}
	],
	"display": {
		"thirdperson_righthand": {
			"rotation": [75, 45, 0],
			"translation": [0, 2.5, 0],
			"scale": [0.375, 0.375, 0.375]
		},
		"thirdperson_lefthand": {
			"rotation": [75, 45, 0],
			"translation": [0, 2.5, 0],
			"scale": [0.375, 0.375, 0.375]
		},
		"firstperson_righthand": {
			"rotation": [0, 45, 0],
			"scale": [0.4, 0.4, 0.4]
		},
		"firstperson_lefthand": {
			"rotation": [0, 225, 0],
			"scale": [0.4, 0.4, 0.4]
		},
		"ground": {
			"translation": [0, 3, 0],
			"scale": [0.25, 0.25, 0.25]
		},
		"gui": {
			"rotation": [30, 225, 0],
			"translation": [0, 2, 0],
			"scale": [0.55, 0.55, 0.55]
		},
		"fixed": {
			"translation": [0, 1.5, 0],
			"scale": [0.5, 0.5, 0.5]
		}
	}
}