{
	"credit": "Made by N0do | GMnodo",
	"textures": {
		"0": "modeltextures/purpur_block",
		"particle": "modeltextures/purpur_block"
	},
	"elements": [
		{
			"from": [0, 8, 0],
			"to": [16, 16, 16],
			"rotation": {"angle": 0, "axis": "y", "origin": [8, 16, 8]},
			"faces": {
				"north": {"uv": [0, 0, 16, 8], "texture": "#0", "cullface": "north"},
				"east": {"uv": [0, 0, 16, 8], "texture": "#0", "cullface": "east"},
				"south": {"uv": [0, 0, 16, 8], "texture": "#0", "cullface": "south"},
				"west": {"uv": [0, 0, 16, 8], "texture": "#0", "cullface": "west"},
				"up": {"uv": [0, 0, 16, 16], "texture": "#0", "cullface": "up"},
				"down": {"uv": [0, 0, 16, 16], "texture": "#0"}
			}
		},
		{
			"from": [1, 9, -1],
			"to": [8, 15.95, 0],
			"rotation": {"angle": 0, "axis": "y", "origin": [7, 15, 0]},
			"faces": {
				"north": {"uv": [8, 8, 15, 15], "texture": "#0", "cullface": "north"},
				"east": {"uv": [8, 8, 9, 15], "texture": "#0", "cullface": "north"},
				"west": {"uv": [14, 8, 15, 15], "texture": "#0", "cullface": "north"},
				"up": {"uv": [8, 8, 15, 9], "texture": "#0", "cullface": "north"},
				"down": {"uv": [8, 14, 15, 15], "texture": "#0", "cullface": "north"}
			}
		},
		{
			"from": [0, 16, 0],
			"to": [7, 17, 7],
			"rotation": {"angle": 0, "axis": "x", "origin": [7.5, 16.5, 7.5]},
			"faces": {
				"north": {"uv": [8, 14, 15, 15], "rotation": 180, "texture": "#0", "cullface": "north"},
				"east": {"uv": [8, 8, 9, 15], "rotation": 270, "texture": "#0", "cullface": "up"},
				"south": {"uv": [8, 8, 15, 9], "texture": "#0", "cullface": "up"},
				"west": {"uv": [14, 8, 15, 15], "rotation": 90, "texture": "#0", "cullface": "west"},
				"up": {"uv": [8, 8, 15, 15], "rotation": 180, "texture": "#0", "cullface": "up"}
			}
		},
		{
			"from": [0.1, 7, 9],
			"to": [7, 8, 16],
			"rotation": {"angle": 0, "axis": "x", "origin": [7.5, 7.5, 8.5]},
			"faces": {
				"north": {"uv": [8, 8, 15, 9], "rotation": 180, "texture": "#0"},
				"east": {"uv": [8, 8, 9, 15], "rotation": 90, "texture": "#0"},
				"south": {"uv": [8, 14, 15, 15], "texture": "#0", "cullface": "south"},
				"west": {"uv": [14, 8, 15, 15], "rotation": 270, "texture": "#0"},
				"down": {"uv": [8, 8, 15, 15], "rotation": 180, "texture": "#0"}
			}
		},
		{
			"from": [9, 9, -0.95],
			"to": [15.95, 15.95, 0],
			"rotation": {"angle": 0, "axis": "y", "origin": [15, 15, 0]},
			"faces": {
				"north": {"uv": [0, 8, 7, 15], "texture": "#0", "cullface": "north"},
				"east": {"uv": [0, 8, 1, 15], "texture": "#0", "cullface": "north"},
				"west": {"uv": [6, 8, 7, 15], "texture": "#0", "cullface": "north"},
				"up": {"uv": [0, 8, 7, 9], "texture": "#0", "cullface": "north"},
				"down": {"uv": [0, 14, 7, 15], "texture": "#0", "cullface": "north"}
			}
		},
		{
			"from": [8, 16, 0],
			"to": [15, 17, 7],
			"rotation": {"angle": 0, "axis": "x", "origin": [7.5, 16.5, 7.5]},
			"faces": {
				"north": {"uv": [0, 14, 7, 15], "rotation": 180, "texture": "#0", "cullface": "north"},
				"east": {"uv": [0, 8, 1, 15], "rotation": 270, "texture": "#0", "cullface": "up"},
				"south": {"uv": [0, 8, 7, 9], "texture": "#0", "cullface": "up"},
				"west": {"uv": [6, 8, 7, 15], "rotation": 90, "texture": "#0", "cullface": "up"},
				"up": {"uv": [0, 8, 7, 15], "rotation": 180, "texture": "#0", "cullface": "up"}
			}
		},
		{
			"from": [8, 7, 9],
			"to": [14.95, 8, 15.95],
			"rotation": {"angle": 0, "axis": "x", "origin": [7.5, 7.5, 8.5]},
			"faces": {
				"north": {"uv": [0, 8, 7, 9], "rotation": 180, "texture": "#0"},
				"east": {"uv": [0, 8, 1, 15], "rotation": 90, "texture": "#0"},
				"south": {"uv": [0, 14, 7, 15], "texture": "#0"},
				"west": {"uv": [6, 8, 7, 15], "rotation": 270, "texture": "#0"},
				"down": {"uv": [0, 8, 7, 15], "rotation": 180, "texture": "#0"}
			}
		},
		{
			"from": [-1, 9, 8],
			"to": [0, 15.95, 15],
			"rotation": {"angle": 0, "axis": "z", "origin": [-0.5, 16.5, 7.5]},
			"faces": {
				"north": {"uv": [0, 8, 7, 9], "rotation": 90, "texture": "#0", "cullface": "west"},
				"south": {"uv": [0, 14, 7, 15], "rotation": 90, "texture": "#0", "cullface": "west"},
				"west": {"uv": [0, 8, 7, 15], "rotation": 270, "texture": "#0", "cullface": "west"},
				"up": {"uv": [6, 8, 7, 15], "texture": "#0", "cullface": "west"},
				"down": {"uv": [0, 8, 1, 15], "rotation": 180, "texture": "#0", "cullface": "west"}
			}
		},
		{
			"from": [16, 9, 8],
			"to": [16.95, 16.05, 15],
			"rotation": {"angle": 0, "axis": "z", "origin": [16.5, 16.5, 7.5]},
			"faces": {
				"north": {"uv": [0, 8, 7, 9], "rotation": 90, "texture": "#0", "cullface": "east"},
				"east": {"uv": [0, 8, 7, 15], "rotation": 90, "texture": "#0", "cullface": "east"},
				"south": {"uv": [0, 14, 7, 15], "rotation": 90, "texture": "#0", "cullface": "east"},
				"west": {"uv": [0, 8, 7, 15], "rotation": 270, "texture": "#0", "cullface": "east"},
				"up": {"uv": [6, 8, 7, 15], "texture": "#0", "cullface": "east"},
				"down": {"uv": [0, 8, 1, 15], "rotation": 180, "texture": "#0", "cullface": "east"}
			}
		},
		{
			"from": [8, 16, 8],
			"to": [15, 17, 15],
			"rotation": {"angle": 0, "axis": "x", "origin": [7.5, 16.5, 7.5]},
			"faces": {
				"north": {"uv": [0, 6, 7, 7], "rotation": 180, "texture": "#0", "cullface": "up"},
				"east": {"uv": [0, 0, 1, 7], "rotation": 270, "texture": "#0", "cullface": "up"},
				"south": {"uv": [0, 0, 7, 1], "texture": "#0", "cullface": "up"},
				"west": {"uv": [6, 0, 7, 7], "rotation": 90, "texture": "#0", "cullface": "up"},
				"up": {"uv": [0, 0, 7, 7], "rotation": 180, "texture": "#0", "cullface": "up"}
			}
		},
		{
			"from": [8, 9, 16],
			"to": [14.95, 16.05, 16.95],
			"rotation": {"angle": 0, "axis": "x", "origin": [7.5, 16.5, 16.5]},
			"faces": {
				"north": {"uv": [0, 0, 7, 7], "rotation": 180, "texture": "#0", "cullface": "up"},
				"east": {"uv": [0, 0, 1, 7], "rotation": 180, "texture": "#0", "cullface": "south"},
				"south": {"uv": [0, 0, 7, 7], "rotation": 180, "texture": "#0", "cullface": "south"},
				"west": {"uv": [6, 0, 7, 7], "rotation": 180, "texture": "#0", "cullface": "south"},
				"up": {"uv": [0, 6, 7, 7], "texture": "#0", "cullface": "up"},
				"down": {"uv": [0, 0, 7, 1], "texture": "#0", "cullface": "south"}
			}
		},
		{
			"from": [8, 7, 1],
			"to": [14.9, 8, 8],
			"rotation": {"angle": 0, "axis": "x", "origin": [7.5, 7.5, 8.5]},
			"faces": {
				"north": {"uv": [0, 0, 7, 1], "rotation": 180, "texture": "#0"},
				"east": {"uv": [0, 0, 1, 7], "rotation": 90, "texture": "#0"},
				"south": {"uv": [0, 6, 7, 7], "texture": "#0"},
				"west": {"uv": [6, 0, 7, 7], "rotation": 270, "texture": "#0"},
				"down": {"uv": [0, 0, 7, 7], "rotation": 180, "texture": "#0"}
			}
		},
		{
			"from": [-1, 9, 0.05],
			"to": [0, 15.95, 7],
			"rotation": {"angle": 0, "axis": "z", "origin": [-0.5, 16.5, 7.5]},
			"faces": {
				"north": {"uv": [0, 0, 7, 1], "rotation": 90, "texture": "#0", "cullface": "west"},
				"south": {"uv": [0, 6, 7, 7], "rotation": 90, "texture": "#0", "cullface": "west"},
				"west": {"uv": [0, 0, 7, 7], "rotation": 270, "texture": "#0", "cullface": "west"},
				"up": {"uv": [6, 0, 7, 7], "texture": "#0", "cullface": "west"},
				"down": {"uv": [0, 0, 1, 7], "rotation": 180, "texture": "#0", "cullface": "west"}
			}
		},
		{
			"from": [16, 9, -0.05],
			"to": [16.95, 16.05, 7],
			"rotation": {"angle": 0, "axis": "z", "origin": [16.5, 16.5, 7.5]},
			"faces": {
				"north": {"uv": [0, 0, 7, 1], "rotation": 90, "texture": "#0", "cullface": "north"},
				"east": {"uv": [0, 0, 7, 7], "rotation": 90, "texture": "#0", "cullface": "east"},
				"south": {"uv": [0, 6, 7, 7], "rotation": 90, "texture": "#0", "cullface": "east"},
				"west": {"uv": [0, 0, 7, 7], "rotation": 270, "texture": "#0", "cullface": "east"},
				"up": {"uv": [6, 0, 7, 7], "texture": "#0", "cullface": "east"},
				"down": {"uv": [0, 0, 1, 7], "rotation": 180, "texture": "#0", "cullface": "east"}
			}
		},
		{
			"from": [0, 16, 8],
			"to": [7, 17, 15],
			"rotation": {"angle": 0, "axis": "x", "origin": [7.5, 16.5, 7.5]},
			"faces": {
				"north": {"uv": [8, 6, 15, 7], "rotation": 180, "texture": "#0", "cullface": "up"},
				"east": {"uv": [8, 0, 9, 7], "rotation": 270, "texture": "#0", "cullface": "up"},
				"south": {"uv": [8, 0, 15, 1], "texture": "#0", "cullface": "up"},
				"west": {"uv": [15, 0, 16, 7], "rotation": 90, "texture": "#0", "cullface": "west"},
				"up": {"uv": [8, 0, 15, 7], "rotation": 180, "texture": "#0", "cullface": "up"}
			}
		},
		{
			"from": [0, 9, 16],
			"to": [7, 16.05, 17],
			"rotation": {"angle": 0, "axis": "x", "origin": [7.5, 16.5, 16.5]},
			"faces": {
				"north": {"uv": [0, 0, 7, 7], "rotation": 180, "texture": "#0", "cullface": "up"},
				"east": {"uv": [8, 0, 9, 7], "rotation": 180, "texture": "#0", "cullface": "south"},
				"south": {"uv": [8, 0, 15, 7], "rotation": 180, "texture": "#0", "cullface": "south"},
				"west": {"uv": [15, 0, 16, 7], "rotation": 180, "texture": "#0", "cullface": "west"},
				"up": {"uv": [8, 6, 15, 7], "texture": "#0", "cullface": "up"},
				"down": {"uv": [8, 0, 15, 1], "texture": "#0", "cullface": "south"}
			}
		},
		{
			"from": [0.05, 7, 1.1],
			"to": [7, 8, 8.05],
			"rotation": {"angle": 0, "axis": "x", "origin": [7.5, 7.5, 8.5]},
			"faces": {
				"north": {"uv": [8, 0, 15, 1], "rotation": 180, "texture": "#0"},
				"east": {"uv": [8, 0, 9, 7], "rotation": 90, "texture": "#0"},
				"south": {"uv": [8, 6, 15, 7], "texture": "#0"},
				"west": {"uv": [15, 0, 16, 7], "rotation": 270, "texture": "#0"},
				"down": {"uv": [8, 0, 15, 7], "rotation": 180, "texture": "#0"}
			}
		}
	],
	"display": {
		"thirdperson_righthand": {
			"rotation": [75, 45, 0],
			"translation": [0, 2.5, 0],
			"scale": [0.375, 0.375, 0.375]
		},
		"thirdperson_lefthand": {
			"rotation": [75, 45, 0],
			"translation": [0, 2.5, 0],
			"scale": [0.375, 0.375, 0.375]
		},
		"firstperson_righthand": {
			"rotation": [0, 45, 0],
			"scale": [0.4, 0.4, 0.4]
		},
		"firstperson_lefthand": {
			"rotation": [0, 225, 0],
			"scale": [0.4, 0.4, 0.4]
		},
		"ground": {
			"translation": [0, 3, 0],
			"scale": [0.25, 0.25, 0.25]
		},
		"gui": {
			"rotation": [30, 225, 0],
			"scale": [0.625, 0.625, 0.625]
		},
		"fixed": {
			"scale": [0.5, 0.5, 0.5]
		}
	}
}