{
	"credit": "Made by N0do | GMnodo",
	"textures": {
		"0": "modeltextures/rail_corner",
		"1": "modeltextures/spruce_planks",
		"particle": "modeltextures/rail_corner"
	},
	"elements": [
		{
			"from": [12, 1, 14],
			"to": [14, 3, 16],
			"rotation": {"angle": 0, "axis": "y", "origin": [0, 1, 0]},
			"faces": {
				"east": {"uv": [12, 14, 14, 16], "rotation": 270, "texture": "#0"},
				"south": {"uv": [12, 14, 14, 16], "texture": "#0", "cullface": "south"},
				"west": {"uv": [12, 14, 14, 16], "rotation": 270, "texture": "#0"},
				"up": {"uv": [12, 14, 14, 16], "texture": "#0"},
				"down": {"uv": [12, 14, 14, 16], "texture": "#0"}
			}
		},
		{
			"from": [2, 1, 12],
			"to": [4, 3, 16],
			"rotation": {"angle": 0, "axis": "y", "origin": [0, 1, 0]},
			"faces": {
				"east": {"uv": [2, 12, 4, 16], "rotation": 90, "texture": "#0"},
				"south": {"uv": [2, 12, 4, 14], "texture": "#0", "cullface": "south"},
				"west": {"uv": [2, 12, 4, 16], "rotation": 90, "texture": "#0"},
				"up": {"uv": [2, 12, 4, 16], "texture": "#0"},
				"down": {"uv": [2, 12, 4, 16], "texture": "#0"}
			}
		},
		{
			"from": [2.68925, 1, 8.53492],
			"to": [4.68925, 3, 12.53492],
			"rotation": {"angle": -22.5, "axis": "y", "origin": [3.68925, 2, 10.53492]},
			"faces": {
				"north": {"uv": [2, 12, 4, 14], "texture": "#0"},
				"east": {"uv": [2, 12, 4, 14], "rotation": 90, "texture": "#0"},
				"west": {"uv": [2, 12, 4, 14], "rotation": 90, "texture": "#0"},
				"up": {"uv": [2, 12, 4, 14], "texture": "#0"},
				"down": {"uv": [2, 12, 4, 14], "texture": "#0"}
			}
		},
		{
			"from": [5.18316, 1, 3.06627],
			"to": [7.18316, 3, 9.81627],
			"rotation": {"angle": -45, "axis": "y", "origin": [6.18316, 2, 7.06627]},
			"faces": {
				"east": {"uv": [2, 12, 4, 16], "rotation": 90, "texture": "#0"},
				"south": {"uv": [2, 12, 4, 14], "texture": "#0"},
				"west": {"uv": [2, 12, 4, 16], "rotation": 90, "texture": "#0"},
				"up": {"uv": [2, 12, 4, 16], "texture": "#0"},
				"down": {"uv": [2, 12, 4, 16], "texture": "#0"}
			}
		},
		{
			"from": [8.53492, 1, 2.68925],
			"to": [12.53492, 3, 4.68925],
			"rotation": {"angle": 22.5, "axis": "y", "origin": [10.53492, 2, 3.68925]},
			"faces": {
				"north": {"uv": [2, 12, 4, 14], "rotation": 90, "texture": "#0"},
				"south": {"uv": [2, 12, 4, 14], "rotation": 90, "texture": "#0"},
				"up": {"uv": [2, 12, 4, 14], "rotation": 90, "texture": "#0"},
				"down": {"uv": [2, 12, 4, 14], "rotation": 270, "texture": "#0"}
			}
		},
		{
			"from": [12, 1, 2],
			"to": [16, 3, 4],
			"rotation": {"angle": 0, "axis": "y", "origin": [13, 2, 3]},
			"faces": {
				"north": {"uv": [2, 12, 4, 14], "rotation": 90, "texture": "#0"},
				"east": {"uv": [2, 12, 4, 14], "rotation": 180, "texture": "#0", "cullface": "east"},
				"south": {"uv": [2, 12, 4, 14], "rotation": 90, "texture": "#0"},
				"up": {"uv": [2, 12, 4, 14], "rotation": 90, "texture": "#0"},
				"down": {"uv": [2, 12, 4, 14], "rotation": 270, "texture": "#0"}
			}
		},
		{
			"from": [14, 1, 12],
			"to": [16, 3, 14],
			"rotation": {"angle": 0, "axis": "y", "origin": [0, 1, 0]},
			"faces": {
				"north": {"uv": [12, 14, 14, 16], "rotation": 270, "texture": "#0"},
				"east": {"uv": [12, 14, 14, 16], "rotation": 180, "texture": "#0", "cullface": "east"},
				"south": {"uv": [12, 14, 14, 16], "rotation": 270, "texture": "#0"},
				"up": {"uv": [12, 14, 14, 16], "rotation": 90, "texture": "#0"},
				"down": {"uv": [12, 14, 14, 16], "rotation": 270, "texture": "#0"}
			}
		},
		{
			"from": [12.43431, 1, 12.1799],
			"to": [14.43431, 3.001, 15.0099],
			"rotation": {"angle": -45, "axis": "y", "origin": [13.43431, 1.5, 13.9799]},
			"faces": {
				"north": {"uv": [12, 14.17, 14, 16], "texture": "#0"},
				"east": {"uv": [12, 14, 14, 16], "rotation": 270, "texture": "#0"},
				"south": {"uv": [12, 14.17, 14, 16], "texture": "#0"},
				"west": {"uv": [12, 14, 14, 16], "rotation": 270, "texture": "#0"},
				"up": {"uv": [12, 14.17, 14, 16], "texture": "#0"},
				"down": {"uv": [12, 14.17, 14, 16], "texture": "#0"}
			}
		},
		{
			"from": [1, 0, 11],
			"to": [4, 2, 13],
			"rotation": {"angle": 0, "axis": "y", "origin": [2.5, 1, 12]},
			"faces": {
				"north": {"uv": [0, 0, 3, 2], "texture": "#1"},
				"east": {"uv": [0, 0, 2, 2], "texture": "#1"},
				"south": {"uv": [0, 0, 3, 2], "texture": "#1"},
				"west": {"uv": [0, 0, 2, 2], "texture": "#1"},
				"up": {"uv": [0, 0, 3, 2], "texture": "#1"},
				"down": {"uv": [0, 0, 3, 2], "texture": "#1", "cullface": "down"}
			}
		},
		{
			"from": [4, 0, 12],
			"to": [7, 2, 14],
			"rotation": {"angle": 0, "axis": "y", "origin": [2.5, 1, 12]},
			"faces": {
				"north": {"uv": [6, 4, 9, 6], "texture": "#1"},
				"east": {"uv": [6, 4, 8, 6], "texture": "#1"},
				"south": {"uv": [6, 4, 9, 6], "texture": "#1"},
				"west": {"uv": [6, 4, 8, 6], "texture": "#1"},
				"up": {"uv": [6, 4, 9, 6], "texture": "#1"},
				"down": {"uv": [6, 4, 9, 6], "texture": "#1", "cullface": "down"}
			}
		},
		{
			"from": [7, 0, 13],
			"to": [10, 2, 15],
			"rotation": {"angle": 0, "axis": "y", "origin": [2.5, 1, 12]},
			"faces": {
				"north": {"uv": [9, 9, 12, 11], "texture": "#1"},
				"east": {"uv": [9, 9, 11, 11], "texture": "#1"},
				"south": {"uv": [9, 9, 12, 11], "texture": "#1"},
				"west": {"uv": [9, 9, 11, 11], "texture": "#1"},
				"up": {"uv": [9, 9, 12, 11], "texture": "#1"},
				"down": {"uv": [9, 9, 12, 11], "texture": "#1", "cullface": "down"}
			}
		},
		{
			"from": [10, 0, 14],
			"to": [15, 2, 15.999],
			"rotation": {"angle": 0, "axis": "y", "origin": [2.5, 1, 12]},
			"faces": {
				"north": {"uv": [4, 12, 9, 14], "texture": "#1"},
				"east": {"uv": [4, 12, 5.999, 14], "texture": "#1"},
				"south": {"uv": [4, 12, 9, 14], "texture": "#1"},
				"west": {"uv": [4, 12, 5.999, 14], "texture": "#1"},
				"up": {"uv": [4, 12, 9, 13.999], "texture": "#1"},
				"down": {"uv": [4, 12, 9, 13.999], "texture": "#1", "cullface": "down"}
			}
		},
		{
			"from": [14, 0, 10],
			"to": [15.999, 1.999, 15],
			"faces": {
				"north": {"uv": [4, 2, 5.999, 4], "texture": "#1"},
				"east": {"uv": [4, 2, 9, 4], "texture": "#1"},
				"south": {"uv": [4, 2, 5.999, 4], "texture": "#1"},
				"west": {"uv": [4, 2, 9, 4], "texture": "#1"},
				"up": {"uv": [4, 2, 5.999, 7], "texture": "#1"},
				"down": {"uv": [4, 2, 5.999, 7], "texture": "#1", "cullface": "down"}
			}
		},
		{
			"from": [13, 0, 7],
			"to": [15, 2, 10],
			"faces": {
				"north": {"uv": [7, 8, 9, 10], "texture": "#1"},
				"east": {"uv": [7, 8, 10, 10], "texture": "#1"},
				"south": {"uv": [7, 8, 9, 10], "texture": "#1"},
				"west": {"uv": [7, 8, 10, 10], "texture": "#1"},
				"up": {"uv": [7, 8, 9, 11], "texture": "#1"},
				"down": {"uv": [7, 8, 9, 11], "texture": "#1", "cullface": "down"}
			}
		},
		{
			"from": [12, 0, 4],
			"to": [14, 2, 7],
			"faces": {
				"north": {"uv": [8, 8, 10, 10], "texture": "#1"},
				"east": {"uv": [8, 8, 11, 10], "texture": "#1"},
				"south": {"uv": [8, 8, 10, 10], "texture": "#1"},
				"west": {"uv": [8, 8, 11, 10], "texture": "#1"},
				"up": {"uv": [8, 8, 10, 11], "texture": "#1"},
				"down": {"uv": [8, 8, 10, 11], "texture": "#1", "cullface": "down"}
			}
		},
		{
			"from": [11, 0, 1],
			"to": [13, 2, 4],
			"faces": {
				"north": {"uv": [8, 12, 10, 14], "texture": "#1"},
				"east": {"uv": [8, 12, 11, 14], "texture": "#1"},
				"south": {"uv": [8, 12, 10, 14], "texture": "#1"},
				"west": {"uv": [8, 12, 11, 14], "texture": "#1"},
				"up": {"uv": [8, 12, 10, 15], "texture": "#1"},
				"down": {"uv": [8, 12, 10, 15], "texture": "#1", "cullface": "down"}
			}
		},
		{
			"from": [5, 0, 4.25],
			"to": [7, 1.9999, 19],
			"rotation": {"angle": 45, "axis": "y", "origin": [6, 1, 6]},
			"faces": {
				"north": {"uv": [1, 4, 2.9999, 6], "rotation": 90, "texture": "#1"},
				"east": {"uv": [1, 0.25, 2.9999, 15], "rotation": 90, "texture": "#1"},
				"south": {"uv": [1, 4, 2.9999, 6], "rotation": 90, "texture": "#1"},
				"west": {"uv": [2, 1, 3.9999, 15.75], "rotation": 90, "texture": "#1"},
				"up": {"uv": [1, 4, 15.75, 6], "rotation": 90, "texture": "#1"},
				"down": {"uv": [1, 4, 15.75, 6], "rotation": 90, "texture": "#1", "cullface": "down"}
			}
		}
	],
	"display": {
		"thirdperson_righthand": {
			"rotation": [75, 45, 0],
			"translation": [0, 3.5, 2.5],
			"scale": [0.375, 0.375, 0.375]
		},
		"thirdperson_lefthand": {
			"rotation": [75, 45, 0],
			"translation": [0, 2.5, 0],
			"scale": [0.375, 0.375, 0.375]
		},
		"firstperson_righthand": {
			"rotation": [0, 45, 0],
			"scale": [0.4, 0.4, 0.4]
		},
		"firstperson_lefthand": {
			"rotation": [0, 225, 0],
			"scale": [0.4, 0.4, 0.4]
		},
		"ground": {
			"translation": [0, 3, 0],
			"scale": [0.25, 0.25, 0.25]
		},
		"gui": {
			"rotation": [30, 225, 0],
			"scale": [0.625, 0.625, 0.625]
		},
		"fixed": {
			"scale": [0.5, 0.5, 0.5]
		}
	}
}