{
	"credit": "Made by N0do | GMnodo",
	"textures": {
		"0": "modeltextures/rail",
		"1": "modeltextures/spruce_planks",
		"particle": "modeltextures/rail"
	},
	"elements": [
		{
			"from": [1, 5.17445, 16.1352],
			"to": [15, 7.17445, 18.1352],
			"rotation": {"angle": 45, "axis": "x", "origin": [8, 6.50778, 10.1352]},
			"faces": {
				"north": {"uv": [15, 8, 1, 10], "texture": "#1"},
				"east": {"uv": [13, 4, 11, 6], "texture": "#1"},
				"south": {"uv": [15, 12, 1, 14], "texture": "#1"},
				"west": {"uv": [5, 4, 3, 6], "texture": "#1"},
				"up": {"uv": [1, 15, 15, 13], "texture": "#1"},
				"down": {"uv": [1, 3, 15, 1], "texture": "#1"}
			}
		},
		{
			"from": [1, 5.17445, 12.1352],
			"to": [15, 7.17445, 14.1352],
			"rotation": {"angle": 45, "axis": "x", "origin": [8, 6.50778, 10.1352]},
			"faces": {
				"north": {"uv": [15, 8, 1, 10], "texture": "#1"},
				"east": {"uv": [13, 4, 11, 6], "texture": "#1"},
				"south": {"uv": [15, 12, 1, 14], "texture": "#1"},
				"west": {"uv": [5, 4, 3, 6], "texture": "#1"},
				"up": {"uv": [1, 15, 15, 13], "texture": "#1"},
				"down": {"uv": [1, 3, 15, 1], "texture": "#1"}
			}
		},
		{
			"from": [1, 5.17445, 8.1352],
			"to": [15, 7.17445, 10.1352],
			"rotation": {"angle": 45, "axis": "x", "origin": [8, 6.50778, 10.1352]},
			"faces": {
				"north": {"uv": [15, 8, 1, 10], "texture": "#1"},
				"east": {"uv": [13, 4, 11, 6], "texture": "#1"},
				"south": {"uv": [15, 12, 1, 14], "texture": "#1"},
				"west": {"uv": [5, 4, 3, 6], "texture": "#1"},
				"up": {"uv": [1, 15, 15, 13], "texture": "#1"},
				"down": {"uv": [1, 3, 15, 1], "texture": "#1"}
			}
		},
		{
			"from": [1, 5.17445, 4.1352],
			"to": [15, 7.17445, 6.1352],
			"rotation": {"angle": 45, "axis": "x", "origin": [8, 6.50778, 10.1352]},
			"faces": {
				"north": {"uv": [15, 8, 1, 10], "texture": "#1"},
				"east": {"uv": [13, 4, 11, 6], "texture": "#1"},
				"south": {"uv": [15, 12, 1, 14], "texture": "#1"},
				"west": {"uv": [5, 4, 3, 6], "texture": "#1"},
				"up": {"uv": [1, 15, 15, 13], "texture": "#1"},
				"down": {"uv": [1, 3, 15, 1], "texture": "#1"}
			}
		},
		{
			"from": [1, 5.17445, 0.1352],
			"to": [15, 7.17445, 2.1352],
			"rotation": {"angle": 45, "axis": "x", "origin": [8, 6.50778, 10.1352]},
			"faces": {
				"north": {"uv": [15, 8, 1, 10], "texture": "#1"},
				"east": {"uv": [13, 4, 11, 6], "texture": "#1"},
				"south": {"uv": [15, 12, 1, 14], "texture": "#1"},
				"west": {"uv": [5, 4, 3, 6], "texture": "#1"},
				"up": {"uv": [1, 15, 15, 13], "texture": "#1"},
				"down": {"uv": [1, 3, 15, 1], "texture": "#1"}
			}
		},
		{
			"from": [1, 5.17445, -3.8648],
			"to": [15, 7.17445, -1.8648],
			"rotation": {"angle": 45, "axis": "x", "origin": [8, 6.50778, 10.1352]},
			"faces": {
				"north": {"uv": [15, 8, 1, 10], "texture": "#1"},
				"east": {"uv": [13, 4, 11, 6], "texture": "#1"},
				"south": {"uv": [15, 12, 1, 14], "texture": "#1"},
				"west": {"uv": [5, 4, 3, 6], "texture": "#1"},
				"up": {"uv": [1, 15, 15, 13], "texture": "#1"},
				"down": {"uv": [1, 3, 15, 1], "texture": "#1"}
			}
		},
		{
			"from": [2.0001, 6.17445, 2.1352],
			"to": [3.9991, 8.17445, 18.1352],
			"rotation": {"angle": 45, "axis": "x", "origin": [8, 6.50778, 10.1352]},
			"faces": {
				"east": {"uv": [2, 16, 4, 0], "rotation": 90, "texture": "#0"},
				"south": {"uv": [2, 0, 4, 2], "texture": "#0", "cullface": "north"},
				"west": {"uv": [2, 16, 4, 0], "rotation": 90, "texture": "#0"},
				"up": {"uv": [2, 16, 4, 0], "texture": "#0"},
				"down": {"uv": [2, 16, 4, 0], "texture": "#0"}
			}
		},
		{
			"from": [11.9999, 6.17445, 2.1352],
			"to": [13.9989, 8.17445, 18.1352],
			"rotation": {"angle": 45, "axis": "x", "origin": [8, 6.50778, 10.1352]},
			"faces": {
				"east": {"uv": [12, 16, 14, 0], "rotation": 90, "texture": "#0"},
				"south": {"uv": [12, 0, 14, 2], "texture": "#0", "cullface": "north"},
				"west": {"uv": [12, 16, 14, 0], "rotation": 90, "texture": "#0"},
				"up": {"uv": [12, 16, 14, 0], "texture": "#0"},
				"down": {"uv": [12, 16, 14, 0], "texture": "#0"}
			}
		},
		{
			"from": [2.0001, 6.17445, -5.8648],
			"to": [3.9991, 8.17445, 2.1352],
			"rotation": {"angle": 45, "axis": "x", "origin": [8, 6.50778, 10.1352]},
			"faces": {
				"north": {"uv": [3.999, 0, 2, 2], "texture": "#0", "cullface": "up"},
				"east": {"uv": [2, 8, 4, 0], "rotation": 90, "texture": "#0"},
				"west": {"uv": [2, 8, 4, 0], "rotation": 90, "texture": "#0"},
				"up": {"uv": [2, 8, 3.999, 0], "texture": "#0"},
				"down": {"uv": [2, 8, 3.999, 0], "texture": "#0"}
			}
		},
		{
			"from": [11.9999, 6.17445, -5.8648],
			"to": [13.9989, 8.17445, 2.1352],
			"rotation": {"angle": 45, "axis": "x", "origin": [8, 6.50778, 10.1352]},
			"faces": {
				"north": {"uv": [13.999, 0, 12, 2], "texture": "#0", "cullface": "up"},
				"east": {"uv": [12, 8, 14, 0], "rotation": 90, "texture": "#0"},
				"west": {"uv": [12, 8, 14, 0], "rotation": 90, "texture": "#0"},
				"up": {"uv": [12, 8, 13.999, 0], "texture": "#0"},
				"down": {"uv": [12, 8, 13.999, 0], "texture": "#0"}
			}
		},
		{
			"from": [12, 0, 2.25],
			"to": [14, 12.75, 4.25],
			"rotation": {"angle": 0, "axis": "y", "origin": [0, 0, 16]},
			"faces": {
				"north": {"uv": [2, 0, 0, 12.75], "texture": "#1"},
				"east": {"uv": [2, 0, 0, 12.75], "texture": "#1"},
				"south": {"uv": [2, 0, 0, 12.75], "texture": "#1"},
				"west": {"uv": [2, 0, 0, 12.75], "texture": "#1"},
				"down": {"uv": [0, 2, 2, 0], "texture": "#1", "cullface": "down"}
			}
		},
		{
			"from": [12, 0, 8],
			"to": [14, 7, 10],
			"rotation": {"angle": 0, "axis": "y", "origin": [0, 0, 16]},
			"faces": {
				"north": {"uv": [2, 0, 0, 7], "texture": "#1"},
				"east": {"uv": [2, 0, 0, 7], "texture": "#1"},
				"south": {"uv": [2, 0, 0, 7], "texture": "#1"},
				"west": {"uv": [2, 0, 0, 7], "texture": "#1"},
				"down": {"uv": [0, 2, 2, 0], "texture": "#1", "cullface": "down"}
			}
		},
		{
			"from": [2, 0, 8],
			"to": [4, 7, 10],
			"rotation": {"angle": 0, "axis": "y", "origin": [0, 0, 16]},
			"faces": {
				"north": {"uv": [2, 0, 0, 7], "texture": "#1"},
				"east": {"uv": [2, 0, 0, 7], "texture": "#1"},
				"south": {"uv": [2, 0, 0, 7], "texture": "#1"},
				"west": {"uv": [2, 0, 0, 7], "texture": "#1"},
				"down": {"uv": [0, 2, 2, 0], "texture": "#1", "cullface": "down"}
			}
		},
		{
			"from": [12, 0, 13.75],
			"to": [14, 1.5, 15.75],
			"rotation": {"angle": 0, "axis": "y", "origin": [0, 0, 16]},
			"faces": {
				"north": {"uv": [2, 0, 0, 1.5], "texture": "#1"},
				"east": {"uv": [2, 0, 0, 1.5], "texture": "#1"},
				"south": {"uv": [2, 0, 0, 1.5], "texture": "#1"},
				"west": {"uv": [2, 0, 0, 1.5], "texture": "#1"},
				"down": {"uv": [0, 2, 2, 0], "texture": "#1", "cullface": "down"}
			}
		},
		{
			"from": [2, 0, 13.75],
			"to": [4, 1.5, 15.75],
			"rotation": {"angle": 0, "axis": "y", "origin": [0, 0, 16]},
			"faces": {
				"north": {"uv": [2, 0, 0, 1.5], "texture": "#1"},
				"east": {"uv": [2, 0, 0, 1.5], "texture": "#1"},
				"south": {"uv": [2, 0, 0, 1.5], "texture": "#1"},
				"west": {"uv": [2, 0, 0, 1.5], "texture": "#1"},
				"down": {"uv": [0, 2, 2, 0], "texture": "#1", "cullface": "down"}
			}
		},
		{
			"from": [2, 0, 2.25],
			"to": [4, 12.75, 4.25],
			"rotation": {"angle": 0, "axis": "y", "origin": [0, 0, 16]},
			"faces": {
				"north": {"uv": [2, 0, 0, 12.75], "texture": "#1"},
				"east": {"uv": [2, 0, 0, 12.75], "texture": "#1"},
				"south": {"uv": [2, 0, 0, 12.75], "texture": "#1"},
				"west": {"uv": [2, 0, 0, 12.75], "texture": "#1"},
				"down": {"uv": [0, 2, 2, 0], "texture": "#1", "cullface": "down"}
			}
		},
		{
			"from": [2, 0.7685, 15.32695],
			"to": [3, 1.0185, 16.32695],
			"rotation": {"angle": -22.5, "axis": "x", "origin": [2.5, 1.2685, 15.82695]},
			"faces": {
				"east": {"uv": [4, 1, 3, 2], "texture": "#0"},
				"south": {"uv": [4, 1, 3, 2], "texture": "#0", "cullface": "north"},
				"west": {"uv": [4, 1, 3, 2], "texture": "#0"},
				"up": {"uv": [3, 2, 4, 1], "texture": "#0", "cullface": "north"},
				"down": {"uv": [3, 2, 4, 1], "texture": "#0"}
			}
		},
		{
			"from": [13, 0.7685, 15.32695],
			"to": [14, 1.0185, 16.32695],
			"rotation": {"angle": -22.5, "axis": "x", "origin": [2.5, 1.2685, 15.82695]},
			"faces": {
				"east": {"uv": [3, 1, 2, 2], "texture": "#0"},
				"south": {"uv": [3, 1, 2, 2], "texture": "#0", "cullface": "north"},
				"west": {"uv": [3, 1, 2, 2], "texture": "#0"},
				"up": {"uv": [2, 2, 3, 1], "texture": "#0", "cullface": "north"},
				"down": {"uv": [2, 2, 3, 1], "texture": "#0"}
			}
		}
	],
	"display": {
		"thirdperson_righthand": {
			"rotation": [75, 45, 0],
			"translation": [0, 2.5, 2.5],
			"scale": [0.375, 0.375, 0.375]
		},
		"thirdperson_lefthand": {
			"rotation": [75, 45, 0],
			"translation": [0, 2.5, 0],
			"scale": [0.375, 0.375, 0.375]
		},
		"firstperson_righthand": {
			"rotation": [0, 45, 0],
			"scale": [0.4, 0.4, 0.4]
		},
		"firstperson_lefthand": {
			"rotation": [0, 225, 0],
			"scale": [0.4, 0.4, 0.4]
		},
		"ground": {
			"translation": [0, 3, 0],
			"scale": [0.25, 0.25, 0.25]
		},
		"gui": {
			"rotation": [30, 225, 0],
			"scale": [0.625, 0.625, 0.625]
		},
		"fixed": {
			"scale": [0.5, 0.5, 0.5]
		}
	}
}