{
	"credit": "Made by N0do | GMnodo",
	"parent": "minecraft:block/cube_column",
	"textures": {
		"2": "modeltextures/mushroom_stem",
		"3": "modeltextures/mushroom_block_inside",
		"4": "modeltextures/red_mushroom_block",
		"particle": "modeltextures/red_mushroom_block"
	},
	"elements": [
		{
			"from": [11.80028, 0, 13.0506],
			"to": [13.80028, 8, 15.0506],
			"rotation": {"angle": -22.5, "axis": "y", "origin": [14.80028, 6.83333, 11.0506]},
			"faces": {
				"north": {"uv": [10, 4, 12, 12], "texture": "#2"},
				"east": {"uv": [9, 6, 11, 14], "texture": "#2"},
				"south": {"uv": [3, 2, 5, 10], "texture": "#2"},
				"west": {"uv": [6, 4, 8, 12], "texture": "#2"},
				"down": {"uv": [11, 10, 13, 12], "texture": "#2", "cullface": "down"}
			}
		},
		{
			"from": [8.80028, 8, 10.0506],
			"to": [16.80028, 10, 18.0506],
			"rotation": {"angle": -22.5, "axis": "y", "origin": [14.80028, 6.83333, 11.0506]},
			"faces": {
				"north": {"uv": [5, 5, 13, 7], "texture": "#4"},
				"east": {"uv": [4, 4, 12, 6], "texture": "#4"},
				"south": {"uv": [5, 8, 13, 10], "texture": "#4"},
				"west": {"uv": [2, 7, 10, 9], "texture": "#4"},
				"up": {"uv": [5, 0, 13, 8], "texture": "#4"},
				"down": {"uv": [5, 4, 13, 12], "texture": "#3"}
			}
		},
		{
			"from": [7.80028, 6, 9.0506],
			"to": [17.80028, 8, 11.0506],
			"rotation": {"angle": -22.5, "axis": "y", "origin": [14.80028, 6.83333, 11.0506]},
			"faces": {
				"north": {"uv": [6, 4, 16, 6], "texture": "#4"},
				"east": {"uv": [11, 10, 13, 12], "texture": "#4", "cullface": "east"},
				"south": {"uv": [0, 0, 10, 2], "texture": "#3"},
				"west": {"uv": [12, 2, 14, 4], "texture": "#4"},
				"up": {"uv": [0, 0, 10, 2], "texture": "#4"},
				"down": {"uv": [3, 4, 13, 6], "texture": "#3"}
			}
		},
		{
			"from": [7.80028, 6, 17.0506],
			"to": [17.80028, 8, 19.0506],
			"rotation": {"angle": -22.5, "axis": "y", "origin": [14.80028, 6.83333, 11.0506]},
			"faces": {
				"north": {"uv": [0, 0, 10, 2], "texture": "#3"},
				"east": {"uv": [5, 5, 7, 7], "texture": "#4", "cullface": "south"},
				"south": {"uv": [0, 7, 10, 9], "texture": "#4"},
				"west": {"uv": [7, 5, 9, 7], "texture": "#4"},
				"up": {"uv": [0, 0, 10, 2], "texture": "#4"},
				"down": {"uv": [3, 4, 13, 6], "texture": "#3"}
			}
		},
		{
			"from": [15.80028, 6, 11.0506],
			"to": [17.80028, 8, 17.0506],
			"rotation": {"angle": -22.5, "axis": "y", "origin": [14.80028, 6.83333, 11.0506]},
			"faces": {
				"east": {"uv": [5, 7, 11, 9], "texture": "#4"},
				"west": {"uv": [0, 0, 6, 2], "texture": "#3"},
				"up": {"uv": [0, 0, 2, 6], "texture": "#4"},
				"down": {"uv": [11, 3, 13, 9], "texture": "#3"}
			}
		},
		{
			"from": [7.80028, 6, 11.0506],
			"to": [9.80028, 8, 17.0506],
			"rotation": {"angle": -22.5, "axis": "y", "origin": [14.80028, 6.83333, 11.0506]},
			"faces": {
				"east": {"uv": [0, 0, 6, 2], "texture": "#3"},
				"west": {"uv": [4, 7, 10, 9], "texture": "#4"},
				"up": {"uv": [0, 0, 2, 6], "texture": "#4"},
				"down": {"uv": [11, 5, 13, 11], "texture": "#3"}
			}
		},
		{
			"from": [3.1236, 0, 2.56671],
			"to": [5.1236, 8, 4.56671],
			"rotation": {"angle": 22.5, "axis": "y", "origin": [4.1236, 6.83333, 3.56671]},
			"faces": {
				"north": {"uv": [9, 6, 11, 14], "texture": "#2"},
				"east": {"uv": [3, 2, 5, 10], "texture": "#2"},
				"south": {"uv": [6, 4, 8, 12], "texture": "#2"},
				"west": {"uv": [10, 4, 12, 12], "texture": "#2"},
				"down": {"uv": [11, 10, 13, 12], "rotation": 90, "texture": "#2", "cullface": "down"}
			}
		},
		{
			"from": [0.1236, 8, -0.43329],
			"to": [8.1236, 10, 7.56671],
			"rotation": {"angle": 22.5, "axis": "y", "origin": [4.1236, 6.83333, 3.56671]},
			"faces": {
				"north": {"uv": [3, 9, 11, 11], "texture": "#4"},
				"east": {"uv": [1, 6, 9, 8], "texture": "#4"},
				"south": {"uv": [7, 7, 15, 9], "texture": "#4"},
				"west": {"uv": [1, 4, 9, 6], "texture": "#4"},
				"up": {"uv": [8, 7, 16, 15], "rotation": 270, "texture": "#4"},
				"down": {"uv": [5, 4, 13, 12], "rotation": 90, "texture": "#3"}
			}
		},
		{
			"from": [-0.8764, 6, -1.43329],
			"to": [1.1236, 8, 8.56671],
			"rotation": {"angle": 22.5, "axis": "y", "origin": [4.1236, 6.83333, 3.56671]},
			"faces": {
				"north": {"uv": [11, 10, 13, 12], "texture": "#4", "cullface": "west"},
				"east": {"uv": [0, 0, 10, 2], "texture": "#3"},
				"south": {"uv": [12, 2, 14, 4], "texture": "#4"},
				"west": {"uv": [6, 2, 16, 4], "texture": "#4"},
				"up": {"uv": [0, 0, 10, 2], "rotation": 270, "texture": "#4"},
				"down": {"uv": [3, 4, 13, 6], "rotation": 90, "texture": "#3"}
			}
		},
		{
			"from": [7.1236, 6, -1.43329],
			"to": [9.1236, 8, 8.56671],
			"rotation": {"angle": 22.5, "axis": "y", "origin": [4.1236, 6.83333, 3.56671]},
			"faces": {
				"north": {"uv": [5, 5, 7, 7], "texture": "#4", "cullface": "north"},
				"east": {"uv": [3, 9, 13, 11], "texture": "#4"},
				"south": {"uv": [7, 5, 9, 7], "texture": "#4"},
				"west": {"uv": [0, 0, 10, 2], "texture": "#3"},
				"up": {"uv": [0, 0, 10, 2], "rotation": 270, "texture": "#4"},
				"down": {"uv": [3, 4, 13, 6], "rotation": 90, "texture": "#3"}
			}
		},
		{
			"from": [1.1236, 6, -1.43329],
			"to": [7.1236, 8, 0.56671],
			"rotation": {"angle": 22.5, "axis": "y", "origin": [4.1236, 6.83333, 3.56671]},
			"faces": {
				"north": {"uv": [5, 7, 11, 9], "texture": "#4"},
				"south": {"uv": [0, 0, 6, 2], "texture": "#3"},
				"up": {"uv": [0, 0, 2, 6], "rotation": 270, "texture": "#4"},
				"down": {"uv": [11, 3, 13, 9], "rotation": 90, "texture": "#3"}
			}
		},
		{
			"from": [1.1236, 6, 6.56671],
			"to": [7.1236, 8, 8.56671],
			"rotation": {"angle": 22.5, "axis": "y", "origin": [4.1236, 6.83333, 3.56671]},
			"faces": {
				"north": {"uv": [0, 0, 6, 2], "texture": "#3"},
				"south": {"uv": [1, 2, 7, 4], "texture": "#4"},
				"up": {"uv": [0, 0, 2, 6], "rotation": 270, "texture": "#4"},
				"down": {"uv": [11, 5, 13, 11], "rotation": 90, "texture": "#3"}
			}
		}
	],
	"display": {
		"thirdperson_righthand": {
			"translation": [0, 3, 1],
			"scale": [0.55, 0.55, 0.55]
		},
		"thirdperson_lefthand": {
			"translation": [0, 3, 1],
			"scale": [0.55, 0.55, 0.55]
		},
		"firstperson_righthand": {
			"rotation": [0, -90, 25],
			"translation": [1.13, 3.2, 1.13],
			"scale": [0.68, 0.68, 0.68]
		},
		"firstperson_lefthand": {
			"rotation": [0, -90, 25],
			"translation": [1.13, 3.2, 1.13],
			"scale": [0.68, 0.68, 0.68]
		},
		"ground": {
			"translation": [0, 2, 0],
			"scale": [0.5, 0.5, 0.5]
		},
		"head": {
			"rotation": [0, 180, 0],
			"translation": [0, 13, 7]
		},
		"fixed": {
			"rotation": [0, 180, 0]
		}
	}
}